,Unnamed: 0,Name,Specialization,Experience (in years),Education,Fee at clinic,Online Fee,Clinic Name,Area,Recently Consulted for,Available From,Available Till,City
0,0,Dr Vikas Yadav Yadav,Dentist,18.0,"MBBS, MS - Obstetrics & Gynaecology, DNB - Obstetrics & Gynecology",₹ 100,,MEDIDENT SUPERSPECIALITY DENTAL & POLY CLINIC,Najafgarh,,09:00 AM,01:00 PM,Delhi
1,1,Dr. Sandeep Kumar Jangra,Dentist,24.0,"MDS - Orthodontics, BDS, Certified Implantologist",₹ 500,₹ 300,The White Expert Dental Care,East Of Kailash,,09:30 AM,05:30 PM,Delhi
2,2,Dr. Ashok Yadav,Dentist,14.0,"MDS - Orthodontics, BDS",₹ 200,,Dr. Ashok's Dentistree,Gole Market,,10:00 AM,07:00 PM,Delhi
3,3,Dr. (Prof) Rachit Walia,Dentist,20.0,"MDS , BDS",₹ 500,₹ 500,K.V Dentals,Gulabi Bagh,,05:00 PM,08:00 PM,Delhi
4,4,Dr. Kultej Saluja,Dentist,32.0,"BDS, Certified Implantologist",₹ 300,₹ 500,Dentalservices,Lajpat Nagar,,09:30 AM,06:30 PM,Delhi
5,5,Dr. Devaanshu Dewan,Dentist,19.0,"BDS, BDS (Implantologist)",₹ 200,₹ 300,S.K Dental Care,Uttam Nagar,"Tooth Extraction, Gap ClosingNext ",10:15 AM,08:30 PM,Delhi
6,6,Dr. Shipra Rawal,Dentist,29.0,"BDS, Certified Implantologist",₹ 400,₹ 500,Dr.Rawal Dental Centre,Uttam Nagar,,05:00 PM,08:00 PM,Delhi
7,7,Dr. Aashish Pandit,Dentist,14.0,"BDS, MDS - Periodontics, Post-Graduate Certificate in Oral Implantology (PGCOI)",₹ 300,₹ 200,Dr. Pandit's Dental & Implant Center,Delhi,,09:30 AM,02:00 PM,Delhi
8,8,Dr. Avinash Singh,Dentist,21.0,"BDS, MDS",₹ 300,₹ 300,AMAR DENTAL CLINIC,Delhi,,10:00 AM,09:00 PM,Delhi
9,9,Dr. Vineet Kapoor,Dentist,16.0,"BDS (Implantologist), MDS - Periodontics",₹ 300,₹ 400,Cures 'n' Care Dental Clinic - Vasundhara,Vasundhara,"Gap Closing, Painful Teething, Toothache",10:30 AM,01:30 PM,Delhi
10,10,Dr. Amandeep Singh Arora,Dentist,13.0,MDS - Pedodontics,₹ 500,₹ 500,Dr. Aman's Tooth Town,Vasant Vihar,Teeth Cleaning,10:30 AM,08:00 PM,Delhi
11,11,Dr. Shri Krishna Kabra,Dentist,24.0,"MDS Prosthodontics, BDS",₹ 300,,Smile konnekt Dental Clinic,Delhi,,10:30 AM,01:30 PM,Delhi
12,12,Dr. Pankaj Rao,Dentist,18.0,"B.D.S, M.D.S Endodontist",₹ 500,₹ 500,oraa care smile dental clinic,Dwarka,"Root canal, Root Canal Treatment (RCT), Root Canal Treatment",03:00 PM,09:00 PM,Delhi
13,13,Dr. Rajeev Gupta,Dentist,29.0,BDS,₹ 500,₹ 200,Balaji Multispeciality Dental Centre,Paschim Vihar,"Painful Teething, Gap Closing, Bleeding GumsNext ",05:00 PM,08:00 PM,Delhi
14,14,Dr. Deepti Rajput,Dentist,17.0,"BDS, MDS",₹ 669,₹ 300,Bytes And Braces,Rajouri Garden,"Dental Fillings, Fillings, ImplantsNext ",05:00 PM,08:00 PM,Delhi
15,15,Dr. Rajnish K Jain M.D.S.,Dentist,23.0,MDS,₹ 400,,Dr. Rajnish K. Jain's Super Speciality Dental Clinic & Implant Centre,Pitampura,"Fillings, Root canal, Root Canal TreatmentNext ",06:00 PM,08:30 PM,Delhi
16,16,Dr. Sundeep Khurana,Dentist,26.0,BDS,₹ 400,₹ 150,,,"Stained Teeth, Dental Fillings, Teeth WhiteningNext ",04:30 PM,08:00 PM,Delhi
17,17,Dr. Priyank Jayna,Dentist,23.0,"MDS - Orthodontics, B.D.S.",₹ 750,,Jayna Dental Center,Connaught Place,,02:00 PM,05:30 PM,Delhi
18,18,Dr. Prof.Asheesh Gupta,Dentist,24.0,"MDS, Certificate in implantology, MDS",₹ 200,₹ 200,Dr. Gupta's Dental & Braces Clinic,Rohini,"Painful Teething, Mouth Sores, Teeth Cleaning",11:00 AM,01:30 PM,Delhi
19,19,Dr. Apoorv Mittal,Dentist,29.0,"Bachelor of Dental Surgery, Diploma in Hospital Administration, Diploma in Pharmacy",₹ 100,₹ 100,Shivam Hospital,Rohini Sector 16,,12:00 PM,02:00 PM,Delhi
20,20,Dr. Ashutosh Jha,Dentist,17.0,"BDS, B.D.S,B.sc.Hons,P.G.C.I.D,P.G.C.A.D",₹ 100,₹ 100,Hms Dental Clinic & Implant Centre,Madhu Vihar,,01:00 PM,04:00 PM,Delhi
21,21,Dr. Bhupendra Singh Rawat,Dentist,18.0,BDS,₹ 400,,Health Factor Multi Speciality Clinic,Hari Nagar,,06:00 PM,07:00 PM,Delhi
22,22,Dr. Sony Mishra,Dentist,22.0,"MDS, BDS",₹ 650,₹ 300,Smilekraft Multispeciality Dental Clinics,Delhi,"Braces for Adults and Teens, Dental Care, Dental ImplantsNext ",09:30 AM,02:00 PM,Delhi
23,23,Dr. Divya Swarup,Dentist,14.0,"MDS - Orthodontics & Dentofacial Orthopaedics, BDS (Implantologist)",₹ 400,₹ 300,,,,05:00 PM,09:00 PM,Delhi
24,24,Dr. Gaurav Jain,Dentist,23.0,"MFDS RCPS (Glasgow), MDS - Oral & Maxillofacial Surgery, BDS",₹ 600,₹ 500,Supreme Smile,Mayur Vihar Phase 1,"Fillings, Root canal, Root Canal Treatment",10:00 AM,02:30 PM,Delhi
25,25,Dr. Mahinder Singh Yadav,Dentist,20.0,"BDS, MDS - Orthodontics",₹ 500,,Shri Balaji Dental & Orthodontic Centre,Dwarka,Jaw ReshapingNext ,09:30 AM,01:30 PM,Delhi
26,26,Dr. Mayank Ashok,Dentist,14.0,"Orthodontist  BDS, MDS - Orthodontics & Dentofacial Orthopaedics",₹ 300,,Olive Dental Clinic,C R Park,Dental FillingsNext ,07:00 AM,01:30 PM,Delhi
27,27,Dr. Varun Dahiya,Dentist,21.0,"BDS, MDS(Periodontology)",₹ 500,₹ 100,,,"Braces for Adults and Teens, Implant Tooth Fixing, Dental Implant FixingNext ",10:00 AM,06:00 PM,Delhi
28,28,Dr. Aseem Arora,Dentist,22.0,BDS,₹ 500,,Dr J M Arora Dental Clinic,Alaknanda,,05:30 PM,08:30 PM,Delhi
29,29,Dr. Mohit Sachdeva,Dentist,16.0,BDS & Masters in Oral lasers,₹ 200,₹ 200,Rajdhani Dental Care Clinic,Preet Vihar,,09:00 AM,07:00 PM,Delhi
30,30,Dr. T. Chandan,Dentist,28.0,"MDS, BDS",₹ 500,₹ 300,Planet Dental,Saket,"Painful Teething, Toothache, Stained TeethNext ",05:00 PM,08:30 PM,Delhi
31,31,Dr. Ankit Sharma,Dentist,14.0,BDS,₹ 500,₹ 300,The Dental Hub and Implant Centre,Vasant Kunj,"Stained Teeth, Painful Teething, Cavities",05:00 PM,09:00 PM,Delhi
32,32,Dr. Priti A Kumar,Dentist,28.0,BDS,₹ 400,₹ 300,Madhav Dental Clinic,Kalkaji,"Toothache, Stained Teeth, Broken TeethNext ",10:30 AM,02:00 PM,Delhi
33,33,Dr. Rishabh S Gupta,Dentist,13.0,"BDS, M.Sc - Master of Oral Implantology (MOI)",₹ 400,₹ 100,,,,09:00 AM,08:00 PM,Delhi
34,34,"Dr. Arun Kant, Mds",Dentist,13.0,"BDS, MDS Prosthodontics and Implantology",₹ 200,₹ 100,Naturopathy & Dental,Dwarka Sector 7,,,,Delhi
35,35,Dr. Adosh Lall,Dentist,30.0,"MDS , BDS",₹ 300,,Dr Lalls Dental Specialities,Pitampura,,05:30 PM,08:30 PM,Delhi
36,36,Dr. Atul Jain,Dentist,13.0,BDS,₹ 100,₹ 400,,,,10:00 AM,02:00 PM,Delhi
37,37,Dr. Varun Gera,Dentist,13.0,BDS,₹ 300,₹ 200,The Dental Hub and Implant Centre,Vasant Kunj,"Broken Teeth, Painful Teething, Swollen GumsNext ",10:00 AM,08:30 PM,Delhi
38,38,Dr. Geeta Sahani,Dentist,28.0,BDS,₹ 500,₹ 300,Dr.Sahani Clinic,Punjabi Bagh,Root canalNext ,06:00 PM,08:00 PM,Delhi
39,39,Dr. Neha Dixit,Dentist,15.0,MDS,₹ 200,,Kamla Dixit DENTAL Care Center,Delhi,,06:00 PM,08:30 PM,Delhi
40,40,Dr. Sumit Munjal,Dentist,26.0,PG in Laser Dentistry,₹ 400,,munjals superspecialty dental & orthodontic centre,Mehrauli,,09:30 AM,07:30 PM,Delhi
41,41,Dr. Vineet Kumar Singh,Dentist,14.0,BDS,₹ 200,₹ 200,Singh Dental & Smile Design Centre,Mahavir Enclave,"Root canal, Teeth Cleaning",09:30 AM,09:00 PM,Delhi
42,42,Dr. Puneet Dara,Dentist,22.0,BDS,,₹ 300,Dara's Dental Center,Lajpat Nagar,,10:30 AM,06:00 PM,Delhi
43,43,Dr. Nitin Rastogi,Dentist,19.0,BDS,₹ 250,,,,,09:30 AM,02:00 PM,Delhi
44,44,Dr. Hitesh Arora,Dentist,17.0,"M.D.S., BDS",₹ 300,₹ 300,DENTELLE Clinic,Lajpat Nagar,,10:00 AM,08:00 PM,Delhi
45,45,Dr. Gagan Khanna,Dentist,20.0,"MDS Prosthodontics, BDS",₹ 300,₹ 500,,,Wisdom Tooth RemovalNext ,05:00 PM,09:00 PM,Delhi
46,46,Dr. Atul Goel,Dentist,21.0,BDS,₹ 300,₹ 300,Goel Dental  Centre,Paschim Vihar,,09:30 AM,01:30 PM,Delhi
47,47,Dr. Vinod Khanna,Dentist,14.0,"BDS, MDS Prosthodontics",₹ 500,₹ 100,Complete Dental Care,Ramesh Nagar,Root canal,05:00 PM,09:00 PM,Delhi
48,48,Dr. Siddhartha Pujari,Dentist,22.0,"MDS Endodontist, BDS",₹ 700,,Smileoracles Multispeciality Dental Clinic,Greater Kailash 2,,10:00 AM,01:00 PM,Delhi
49,49,Dr. Neeraj Kapila,Dentist,29.0,"BDS, FICD",₹ 500,₹ 600,Carewell Dental Clinic,Mayur Vihar,,05:00 PM,08:00 PM,Delhi
50,50,Dr Sunakshi Singh,Dermatologist,15.0,"MD - Dermatology, MBBS",,,,,"Acne/Pimples, Pimples, Hair LossNext ",12:30 PM,06:30 PM,Delhi
51,51,Dr. Lipy Gupta,Dermatologist,19.0,"MD - Dermatology , Venereology & Leprosy, MBBS",,₹ 800,Green Park Family Medicine Clinic,Green Park,"Pimples, Hair Fall, Acne/PimplesNext ",04:00 PM,06:30 PM,Delhi
52,52,Dr. Suruchi Puri,Dermatologist,24.0,"MBBS, MD (Skin & V.D. MAMC) - Dermatology",,,,,"Pimples, Hair Loss, Hair FallNext ",11:00 AM,08:00 PM,Delhi
53,53,Dr. A.K.Chatterjee,Dermatologist,48.0,"MBBS, DVD",₹ 700,₹ 600,Chatterjee Skin Care Center,Yamuna Vihar,"Acne/Pimples, Skin Infections, Skin TreatmentNext ",06:30 PM,08:30 PM,Delhi
54,54,Dr. Sandeep Gupta The Dermatologist,Dermatologist,20.0,"MBBS, MD - Dermatology, observership Dermatosurgery IADVL",₹ 700,,₹ 1,800 onlineBalaji Skin Clinic,"Acne/Pimples, Pimples, Hair FallNext ",05:30 PM,08:00 PM,Delhi
55,55,Dr. Mudasir Rashid Khan,Dermatologist,30.0,"MBBS Bachelor of Medicine and Bachelor of Surgery, MD - Dermatology",₹ 700,₹ 600,Lush Skin & Hair Clinic,Jasola,,11:00 AM,07:00 PM,Delhi
56,56,Dr. Deepti Shrivastava,Dermatologist,34.0,"PG Dip Dermatology, Fellowship in Aesthetic Medicine, MBBS",,,,,"Greying Hair, Black Spots on Skin, PimplesNext ",04:00 PM,06:30 PM,Delhi
57,57,Dr. Sandesh Gupta,Dermatologist,29.0,"MBBS, Diploma in Venerology & Dermatology (DVD)",₹ 400,₹ 400,Skin N Laser Centre,Krishna Nagar,"Pimples, Acne/Pimples, Hair FallNext ",11:00 AM,02:30 PM,Delhi
58,58,Dr. Sanjeev Jain,Dermatologist,32.0,MD,₹ 600,,Dr Sanjeev Jain Skin Care Clinic,Daryaganj,,08:30 AM,02:00 PM,Delhi
59,59,Dr. Amit Seth,Dermatologist,29.0,"MD, MBBS",,,,,"Advanced Skin Care, Skin Care, Acne Scars TreatmentNext ",10:30 AM,07:00 PM,Delhi
60,60,Dr. Pankaj Chaturvedi,Dermatologist,19.0,"MD, MBBS",,,,,"Hair Loss, Hair Treatment, AllergyNext ",10:00 AM,08:00 PM,Delhi
61,61,Dr. Munish Paul,Dermatologist,30.0,"MD-Dermatology, MBBS",,,,,"Pimples Treatment, Pimples, Acne / Pimples TreatmentNext ",11:00 AM,06:00 PM,Delhi
62,62,Dr. Jyoti Sharma,Dermatologist,21.0,"MD - Dermatology, MBBS",,₹ 300,Vardaan Skin and Bone Clinic,Rohini,"Acne / Pimples Treatment, Pimples, Hair LossNext ",10:00 AM,02:30 PM,Delhi
63,63,Dr. A V Singh,Dermatologist,31.0,"MD, DVD, MBBS",₹ 600,₹ 300,SKIN CARE,Dwarka,"Hair Loss, Hair Fall, Hair TreatmentNext ",05:00 PM,07:00 PM,Delhi
64,64,Isaac - International Skin & Anti Ageing Centre,Dermatologist,24.0,ISAAC,,,,,"Acne/Pimples, Hair Loss, Black Spots on Skin",10:00 AM,07:00 PM,Delhi
65,65,Dr. Gaurav Garg,Dermatologist,18.0,"Fellow In Dermato - Surgery, Fellow In Hair Transplant Surgery, MD - Dermatology, MBBS",,₹ 800,Dermalife Clinic,Green Park,"Hair Loss, Baldness, Hair Growth",11:00 AM,12:30 PM,Delhi
66,66,Dr. Geetika Mittal Gupta,Dermatologist,19.0,"Post Graduate Diploma Practical Dermatology, MBBS",,,,,"Laser Hair Removal, Growing beard",10:00 AM,07:00 PM,Delhi
67,67,Dr. Rohit Batra,Dermatologist,25.0,"MD - Dermatology, MBBS",,,,,"Pimples, Pimples Treatment, Acne / Pimples TreatmentNext ",05:30 PM,08:00 PM,Delhi
68,68,Dr. Neeraj Kumar,Dermatologist,14.0,"MBBS, MD - Dermatology",₹ 800,₹ 800,Magical Morphers Pvt Ltd,Delhi,"Hair Loss, Hair Fall, Acne/Pimples",05:00 PM,08:00 PM,Delhi
69,69,Looks Forever Hair And Skin Aesthetic Clinic,Dermatologist,23.0,Dermatologist,₹ 200,₹ 299,,,"Hair Loss, Hair Loss, Hair Transplant",11:00 AM,06:00 PM,Delhi
70,70,Dr. Himanshu Gupta,Dermatologist,19.0,"Fellow of ACSI , Fellow of IADVL , MD - Dermatology, Venereology & Leprosy, MBBS",₹ 400,₹ 500,Skin Konnect Ghaziabad,Naya Ganj,"Hair Loss, Skin Whitening, PimplesNext ",07:00 PM,08:30 PM,Delhi
71,71,Dr. Manju Keshari,Dermatologist,30.0,"MBBS, MD - Dermatology , Venereology & Leprosy",₹ 800,,₹ 2,000 onlineKemps Skin Clinic,"Pimples, Pigmentation, Skin InfectionsNext ",04:00 PM,06:00 PM,Delhi
72,72,Dr. Jangid,Dermatologist,11.0,MD,,,,,"Pimples, Acne/Pimples, Hair GrowthNext ",10:30 AM,06:30 PM,Delhi
73,73,Dr. Dharamvir Singh,Dermatologist,17.0,"MD - Dermatology , Venereology & Leprosy, MBBS",,,,,"Hair Loss, Hair Fall, Acne/PimplesNext ",11:30 AM,05:30 PM,Delhi
74,74,Dr. Rajesh Aggarwal,Dermatologist,22.0,"MD - Dermatology, MBBS",₹ 800,₹ 700,Dr. Rajesh Aggarwal's Skin Hair Nail Laser Clinic,Rohini,"Hair Loss, Pimples Treatment, Hair FallNext ",06:00 PM,09:00 PM,Delhi
75,75,Dr. Varun Tyagi,Dermatologist,15.0,"MD - Dermatology , Venereology & Leprosy",₹ 800,₹ 500,Perfect Tyagi Hospital,Dilshad Garden,"Laser Hair Removal, Ear Lobe Repair, ColonoscopyNext ",06:00 PM,08:00 PM,Delhi
76,76,Dr. Kanu Verma,Dermatologist,22.0,"MBBS, MD - Dermatology",₹ 600,₹ 600,Aastha Medicare,Dwarka Sector 12A,"Acne/Pimples, Greying Hair, Acne ScarsNext ",11:00 AM,12:30 PM,Delhi
77,77,Dr. Latika Arya,Dermatologist,31.0,"MBBS, MD - Dermatology",,,,,"Pimples, Acne/Pimples, Hair LossNext ",03:00 PM,05:30 PM,Delhi
78,78,Dr. Nivedita Dadu,Dermatologist,21.0,"MBBS, Diploma In Dermatology And Venerology And Leprosy (DDVL), DNB (Dermatology), MNAMS",,,,,"Pimples, Acne/Pimples, Hair FallNext ",09:00 AM,06:00 PM,Delhi
79,79,Dr. Alka Gupta,Dermatologist,37.0,"MBBS, MD - Dermatology",₹ 500,,Gupta Skin Clinic,Janakpuri,"Allergy, Pimples TreatmentNext ",05:00 PM,08:30 PM,Delhi
80,80,Dr. S. K. Kashyap,Dermatologist,21.0,"MD - Dermatology, MBBS",₹ 600,₹ 300,Kashyap Skin Clinic,Dwarka,"Hair Growth, Ear Lobe Repair, Removal of CornsNext ",11:00 AM,01:30 PM,Delhi
81,81,Dr. Anuj Saigal,Dermatologist,16.0,"MD - Dermatology , Venereology & Leprosy, MBBS",,,,,"Hair Transplant, Acne Scars, Skin Care",10:30 AM,05:00 PM,Delhi
82,82,Dr. Sanjeev Gulati,Dermatologist,31.0,"MD, MBBS",,₹ 500,Rayz Skin & Aesthetic Clinic,Sukhdev Vihar,"Hair Treatment, Acne Scars, CryotherapyNext ",06:00 PM,08:30 PM,Delhi
83,83,Dr. Nitin S Walia,Dermatologist,38.0,"DNB (Dermatology), MD - Dermatology , Venereology & Leprosy, MBBS",,,,,"Pimples Treatment, Pimples, Acne / Pimples TreatmentNext ",11:00 AM,12:00 PM,Delhi
84,84,Dr. Rajeev Vij,Dermatologist,24.0,"MBBS, MD - Dermatology",₹ 800,₹ 800,Skin VD & Cosmetic Clinic,Delhi,Acne ScarsNext ,06:00 PM,08:30 PM,Delhi
85,85,Dr. Navneet Bansal,Dermatologist,28.0,"D.V.D, MBBS",₹ 500,₹ 500,Dermacare Wholistic Clinic,Dwarka,"Pimples, Hair Growth, Vitiligo",11:00 AM,01:00 PM,Delhi
86,86,Dr. Akhilesh Sharma,Dermatologist,14.0,"MBBS, DNB (Skin & VD)",₹ 300,₹ 400,Absolute Skin Hair & Laser Center,Najafgarh,,04:00 PM,05:00 PM,Delhi
87,87,Dr. Shivali Sethi,Dermatologist,20.0,"D.D.V.L, F.A.C.S.I, M.B.B.S",₹ 500,₹ 350,Laser Skin Hair Nail Clinic,Gujranwala Town,"Hair Growth, Hair Loss, Hair FallNext ",10:30 AM,01:30 PM,Delhi
88,88,Dr. Deepti Dhillon,Dermatologist,21.0,"MBBS, DDV, Aesthetic medicine",,₹ 500,Appleskin Clinic,Delhi,VitiligoNext ,12:00 PM,04:00 PM,Delhi
89,89,Dr. Puneet Aggarwal,Dermatologist,24.0,"MD - Dermatology, MBBS",₹ 400,₹ 700,Deepak Memorial Hospital & Medical Research Centre,Vikas Marg,,10:00 AM,11:00 AM,Delhi
90,90,Dr. Ramanjit Singh,Dermatologist,33.0,"M.B.B.S, M.D. (Dermatology, Venereology & Leprosy)",,,,,"Skin Care, Pimples, Acne / Pimples TreatmentNext ",02:00 PM,04:30 PM,Delhi
91,91,Dr. Pooja Aggarwal,Dermatologist,15.0,MD - Dermatology,,,,,,10:00 AM,02:00 PM,Delhi
92,92,Dr. Gunjan Agarwal,Dermatologist,14.0,MD - Dermatology,₹ 500,₹ 800,R.S Child and Skin Care Centre,Rohini,,06:00 PM,08:00 PM,Delhi
93,93,Dr. Tushar Opneja,Dermatologist,18.0,"MBBS Bachelor of Medicine and Bachelor of Surgery, Diploma In Dermatology And Venerology A...read more",₹ 600,₹ 600,Regenix Clinic,Mayur Vihar Phase 1,"Hair Growth, Dark Skin, Hair Fall",12:00 PM,07:30 PM,Delhi
94,94,Dr. Nirupama  Parwanda,Dermatologist,16.0,"Diploma in Practical Dermatology, MD - Dermatology , Venereology & Leprosy, MBBS",,₹ 700,Zolie Skin Clinic,Kailash Colony,"Acne/Pimples, Acne Scars, AllergyNext ",10:30 AM,07:00 PM,Delhi
95,95,Dr. Garima Singh,Dermatologist,14.0,"MBBS, MD - Dermatology",₹ 500,₹ 500,Apex Multispeciality Hospital And Skin Clinic,Chhatarpur,,11:00 AM,02:00 PM,Delhi
96,96,Dr. Shikhar Ganjoo,Dermatologist,11.0,"Fellowship in Pediatric Dermatology, MD - Dermatology , Venereology & Leprosy, DNB (Dermatology)",,,,,"Acne/Pimples, Hair Fall, Hair LossNext ",07:00 PM,09:00 PM,Delhi
97,97,Dr. Renu Madan,Dermatologist,26.0,"MD, MBBS",₹ 400,,₹ 1,000 onlineAyushman Hospital,"Pimples, Wart Removal, Pimples TreatmentNext ",11:00 AM,01:00 PM,Delhi
98,98,Dr. Nipun Jain,Dermatologist,22.0,MD - Dermatology,₹ 600,₹ 800,AURA SKIN COSMETOLOGY CLINIC,Dwarka,"Hair Loss, Skin Treatment, Facial AestheticsNext ",07:30 PM,09:00 PM,Delhi
99,99,Dr. Lori Kaushik Issar,Dermatologist,13.0,M.Sc - Clinical Dermatology,₹ 500,₹ 400,,,"Pimples, Pimples Treatment, Acne / Pimples TreatmentNext ",10:30 AM,01:00 PM,Delhi
100,100,Dr. Nutri Kalp Clinic,Dietitian/Nutritionist,32.0,"Master Of Science ( Home Science)  , B.Sc",₹ 500,₹ 200,Nutri Kalp - Rohini,Rohini,"Weight Loss, Gaining Weight, Weight Loss",09:30 AM,06:30 PM,Delhi
101,101,Dt. Diets And More,Dietitian/Nutritionist,11.0,Diploma in Diet and Nutrition,,₹ 700,,,"Weight Loss, Diet Chart, Weight Loss Treatment",11:00 AM,09:00 PM,Delhi
102,102,Dr. Swarnshikha Sharma,Dietitian/Nutritionist,16.0,"Doctrate In Dietetics, PhD - Psychology",₹ 300,₹ 829,Rising Health,Delhi,"Weight Loss, Weight Loss, Diet Chart",12:00 PM,08:00 PM,Delhi
103,103,Dt. Ritika Dua,Dietitian/Nutritionist,24.0,"BSc-Diet & Nutrition, M.Sc-Diet & Nutrition",,,,,,09:00 AM,09:00 PM,Delhi
104,104,Mrs. Kritika Bhola,Dietitian/Nutritionist,19.0,"BHOM, MD - Alternate Medicine, Diploma in Weight Loss, Diploma in Nutrition, DNHE",₹ 500,₹ 500,Curewell Therapies,Sultanpur,"Gaining Weight, Weight Loss, Ketogenic DietNext ",04:00 PM,08:00 PM,Delhi
105,105,Ms. Divya Gandhi,Dietitian/Nutritionist,12.0,"Diploma In Diet & Nutrition, Diploma In Dietitics, Health & Nutrition",,₹ 250,Divya Gandhi's Diet N Cure Clinic,Ashok Vihar,"Weight Loss, Gaining Weight, Weight Loss Treatment",10:00 AM,04:00 PM,Delhi
106,106,Dt. Raminder Deshmukh,Dietitian/Nutritionist,33.0,PG Diploma in Dietetics and Public health Nutrition,,₹ 400,Journey To Health,Rajouri Garden,"Weight Loss, Weight LossNext ",10:00 AM,07:00 PM,Delhi
107,107,Dt. Rashima Arora,Dietitian/Nutritionist,18.0,"BSc-Food and Applied Nutrition, PG in Clinical Nutrition and Dietetics, Intertionally Cert...read more",₹ 500,₹ 350,Dr.Ajay's Dental & Nutrition Clinic,Rohini Sector 7,,09:30 AM,01:30 PM,Delhi
108,108,Dt. Shweta Diwan,Dietitian/Nutritionist,19.0,"Diploma in Dietetics and Nutrition, Diploma in Diet and Nutrition, Diploma in Paediatric N...read more",,₹ 300,Shweta's Slimage Diet Clinic,Punjabi Bagh,"Weight Loss, Weight Loss, AnorexiaNext ",08:30 AM,04:30 PM,Delhi
109,109,Dt. Megha Gupta,Dietitian/Nutritionist,13.0,,₹ 500,,₹ 1,500 onlineCure & Curves Diet Clinic,Weight LossNext ,09:00 AM,08:00 PM,Delhi
110,110,Dt. Deepika Kohli,Dietitian/Nutritionist,26.0,,₹ 500,₹ 300,Life Care Centre,Krishna Nagar,Diabetic Diet CounselingNext ,06:00 PM,08:00 PM,Delhi
111,111,Dt. Sonia  Narang,Dietitian/Nutritionist,27.0,"M.Sc, Internship From AIIMS - Diploma in Diet and Nutrition, Diploma in Diet and Nutrition",,₹ 300,Sonia Narang's Diet & Wellness Clinics - Janakpuri,Chander Nagar,,09:30 AM,05:30 PM,Delhi
112,112,Dr. Lochan Arora,Dietitian/Nutritionist,13.0,,₹ 500,₹ 300,Veda Physiotherapy & Nutrition Clinic,Derawal Nagar,"Foot Pain, Knee Injury, PhysiotherapyNext ",04:30 PM,08:00 PM,Delhi
113,113,Diet Clinic,Dietitian/Nutritionist,21.0,"B.Sc.(Hons), P.G.Dietetics",₹ 750,₹ 250,,,"Weight Loss, Weight Loss, Weight Loss Treatment",09:00 AM,05:00 PM,Delhi
114,114,Dt. Nidhi Chandra,Dietitian/Nutritionist,12.0,"Certified Diabetes Educator, Diploma In Sports Nutrition, Diploma in Yoga, IDEEL",₹ 800,₹ 300,Pathya Wellness - GK I,Greater Kailash,"Weight Loss, Gaining Weight, Diet ChartNext ",04:00 PM,06:00 PM,Delhi
115,115,Dt. Nidhi Sawhney,Dietitian/Nutritionist,15.0,"Nutrition & Dietetics, Dietetics",,₹ 300,Dt. Nidhi Sawhney's Nutri Advice,Gulmohar Park,Weight Loss,09:30 AM,01:30 PM,Delhi
116,116,Dt. Kanika Khanna,Dietitian/Nutritionist,18.0,"M.Sc in Food & Nutrition, BSC in Clinical Nutrition & Dietitics",,₹ 350,DIETOFY SOLUTIONS,Rajouri Garden,,10:00 AM,06:00 PM,Delhi
117,117,Dt. Nehha Ahuja,Dietitian/Nutritionist,16.0,"PG Diploma Nutrition & Dietetics, B.Sc - Home Science",₹ 500,₹ 300,Diet Centre,Patel Nagar,"Weight Loss, Weight Loss, Gaining WeightNext ",03:30 PM,08:30 PM,Delhi
118,118,Dt. Divya Chadha,Dietitian/Nutritionist,12.0,"Bachelor of Science in Nutrition and Dietetics, Diploma in Diet and Nutrition",₹ 500,₹ 310,Health And U By Divya Chadha,Janakpuri,,10:00 AM,07:00 PM,Delhi
119,119,Dt. Srishti Shukla,Dietitian/Nutritionist,12.0,"BSC (Home Science), Clinical of Nutrition, DNHE, DDHN",₹ 500,₹ 250,Shrya Specialist Polyclinic,Delhi,,10:00 AM,01:00 PM,Delhi
120,120,Dt. Seema Singh,Dietitian/Nutritionist,19.0,,₹ 500,,₹ 1,250 onlineVidhyawati Nursing Home,,09:00 AM,06:00 PM,Delhi
121,121,Dt. Arpita  B. Acharya,Dietitian/Nutritionist,31.0,,₹ 500,₹ 450,,,,09:00 AM,03:00 PM,Delhi
122,122,Dr. Megha Mukhija,Dietitian/Nutritionist,11.0,,₹ 500,,₹ 1,000 onlineHealth Mania - Rohini,"Obesity, Diabetic Diet Counseling, Weight LossNext ",10:30 AM,01:30 PM,Delhi
123,123,Dt. Neha Jain,Dietitian/Nutritionist,18.0,,,₹ 500,The Diet Do's,Karkardooma,"Weight Loss, Weight Loss Treatment, Diet PlanningNext ",05:00 PM,08:00 PM,Delhi
124,124,Dt. Shweta Sharma,Dietitian/Nutritionist,21.0,Certificate In Food & Nutrition,₹ 500,,,,,09:00 AM,05:00 PM,Delhi
125,125,Dt. Seema Singh,Dietitian/Nutritionist,24.0,MSC FOODS AND NUTRITION,,,,,Sports NutritionNext ,07:00 AM,07:00 AM,Delhi
126,126,Dr. Shalini Singhal,Dietitian/Nutritionist,28.0,"Ph.D(Clinical Nutrition), M.Sc(Foods&Nutrition",,,,,"Weight Loss Treatment, Weight LossNext ",12:00 PM,05:00 PM,Delhi
127,127,Dr. Suneet Khanna,Dietitian/Nutritionist,41.0,,,,,,"Weight Loss Treatment, Diet Planning, Diet Chart",09:30 AM,11:30 AM,Delhi
128,128,Dr. Ekta Jain,Dietitian/Nutritionist,20.0,"Diploma in Diet,Health & Nutritions, MSc - Food and Applied Nutrition",₹ 800,₹ 800,GoDiets Clinic,Karkardooma,"Weight Loss, Weight Loss, Weight Loss Diet Counseling",10:00 AM,05:00 PM,Delhi
129,129,Dr. Sunita Attray,Dietitian/Nutritionist,9.0,"Diploma In Dietetics,Health & Nutrition",₹ 500,₹ 300,Avni Healthcare Centre,Rohini,,04:00 PM,06:00 PM,Delhi
130,130,Dt. Shelly Singhal,Dietitian/Nutritionist,9.0,Diploma in Diet and Nutrition,₹ 500,₹ 223,,,,07:00 AM,09:00 PM,Delhi
131,131,Dt. Mansi Saxena,Dietitian/Nutritionist,13.0,,,,,,,08:00 AM,08:30 AM,Delhi
132,132,Dt. Himanshu Rai,Dietitian/Nutritionist,17.0,MSC NUTRITIONAL SCIENCES,₹ 800,,₹ 1,000 onlineTHINKYOU.IN,,10:30 AM,07:30 PM,Delhi
133,133,Dt. Neeru Dawra,Dietitian/Nutritionist,8.0,Diploma In DDHE,₹ 500,₹ 300,ND DIET & NUTRITION CLINIC,Rohini Sector 11,,06:00 PM,08:00 PM,Delhi
134,134,Dt. Kusum Surana,Dietitian/Nutritionist,50.0,MBBS,₹ 500,₹ 500,Dr. Surana Eye Tech,Hauz Khas,,06:30 PM,07:30 PM,Delhi
135,135,Dr. Monika Arora,Dietitian/Nutritionist,22.0,"B.Sc - Home Science , PG - Diploma In Nutrition & Dietcics",₹ 700,₹ 300,Indus Health,Pitampura,"Diet Planning, Diet Chart, Weight ManagementNext ",10:00 AM,01:00 PM,Delhi
136,136,Dt. Priyanka Panwar,Dietitian/Nutritionist,18.0,M.Sc. - Dietitian,₹ 500,₹ 200,Rising Health (On Call),Lajpat Nagar,"Gaining Weight, Weight Loss, Diet PlanningNext ",10:00 AM,07:00 PM,Delhi
137,137,Dr. Ruchi Bhatia,Dietitian/Nutritionist,21.0,Diploma in Diet and Nutrition,₹ 200,,Ruchi Bhatia Diet Studio,Lajpat Nagar,,09:00 AM,03:00 PM,Delhi
138,138,Dt. Punita Srivastava,Dietitian/Nutritionist,13.0,"M.SC In Clinical Nutrition & Dietetics, PGCDE Certifies Diabetes Educator",,₹ 300,Apollo Hospital,Sarita Vihar,,10:00 AM,05:00 PM,Delhi
139,139,Dt. Lata Sharma,Dietitian/Nutritionist,26.0,,₹ 750,,iDiets,Patparganj,,05:00 PM,08:00 PM,Delhi
140,140,Dt. Diksha Gulati,Dietitian/Nutritionist,11.0,"BSc - Food & Nutrition, Post Graduation Diploma In Dietetics & Public Health Nutrition, Di...read more",,₹ 350,Diet Plate,Model Town,,06:00 PM,08:00 PM,Delhi
141,141,Dt. Monica Kapur,Dietitian/Nutritionist,31.0,"Certification In Nutrition & Weight Management, B.Com, Certificate In Food & Nutrition",,₹ 300,Dr. Monica's Diet Clinic,Pitampura,,12:00 PM,07:00 PM,Delhi
142,142,Dt. Deepak Bhanot,Dietitian/Nutritionist,14.0,DNHE,₹ 500,₹ 200,,,,10:00 AM,07:00 PM,Delhi
143,143,Dt. Pallavi Dua,Dietitian/Nutritionist,6.0,,₹ 500,₹ 200,Surgical Center For Obesity And Diabetes,Delhi,,10:00 AM,05:00 PM,Delhi
144,144,Dr. Richa Garg,Dietitian/Nutritionist,21.0,"Bachelor of Ayurveda, Medicine and Surgery (BAMS)",,₹ 300,Arogyam Nutrition,Rohini,,09:00 AM,05:00 PM,Delhi
145,145,Dt. Priti Bhatia,Dietitian/Nutritionist,18.0,MSC Food & Nutrition,₹ 700,₹ 700,De' Health Planet,Dwarka Sector 6,,11:00 AM,08:00 PM,Delhi
146,146,Dt. Rakhi Khurana,Dietitian/Nutritionist,27.0,Bsc - Home Science,,₹ 300,Diet Care N Cure,Ashok Vihar,,09:00 AM,02:00 PM,Delhi
147,147,Dt. Nidhi Bhalla,Dietitian/Nutritionist,28.0,"BSC, Diploma in Diet & Nutrition",₹ 500,₹ 300,Nidhi Bhalla Diet Clinic,Rohini,,09:30 AM,03:30 PM,Delhi
148,148,Dt. Shivani Sikri,Dietitian/Nutritionist,12.0,"Post Graduate Diploma in Nutrition & Dietetics, Post Graduate Diploma in Piblic Health Nutrition",,,,,Weight LossNext ,09:30 AM,07:00 PM,Delhi
149,149,Dr. Sugeeta Mutreja,Dietitian/Nutritionist,24.0,"BAMS, MBA (H.A), DNHE",,₹ 300,Aarogya Diets & Nutrition Clinic,Dwarka Sector 12,,09:00 AM,01:00 PM,Delhi
150,150,Dr. Anil Mehta,General+Physician,30.0,"MBBS, DNB (General Medicine)",₹ 500,₹ 700,Aakash Medical Centre,Sheikh Sarai,"Allergy, Allergy Treatment, Hair FallNext ",07:30 PM,08:30 PM,Delhi
151,151,Dr. Prakhar Singh,General+Physician,10.0,"MBBS, Basic Life Support (B.L.S), Advanced Cardiac Life Support, Fellow Of Academy Of Gene...read more",₹ 500,₹ 300,Sama hospital,Siri Fort,"Masturbation Addiction, Stomach Pain, Body Weakness",09:30 AM,10:30 AM,Delhi
152,152,Dr. Rajiva Gupta,General+Physician,44.0,"MBBS, MD - Internal Medicine, Post Graduate Program in Diabetology",,,,,"Masturbation Addiction, Stomach Pain, HeadachesNext ",04:00 PM,06:00 PM,Delhi
153,153,Dr. Hanish Gupta,General+Physician,21.0,"MBBS, DNB (General Medicine)",₹ 700,₹ 500,LifeAID Clinic,Mayur Vihar Phase 1,"Diabetes, Diabetes, Thyroid Disorders",07:30 AM,09:00 AM,Delhi
154,154,Dr. Amarpreet Singh Riar,General+Physician,19.0,"MBBS, PG Diploma In Emergency Trauma Care, Fellowship in Diabetes",,₹ 600,Aman Medical Clinic,Dwarka,"Allergy, Penis Pain, Cold CoughNext ",10:00 AM,02:00 PM,Delhi
155,155,Dr. Ajit  K Thakur,General+Physician,25.0,"MD - General Medicine, MBBS, IDCCM, IFCCM Critical Care",₹ 500,₹ 700,Al Shifa Hospital,Okhla,,05:30 PM,07:00 PM,Delhi
156,156,Dr. Ashish Khattar,General+Physician,24.0,"MBBS, MD - General Medicine, PG Diploma Diabetology, Post Graduate Diploma in Clinical End...read more",₹ 700,₹ 800,,,,06:00 PM,08:30 PM,Delhi
157,157,Dr. Vijay  Kansal,General+Physician,53.0,MBBS,₹ 600,₹ 300,Kalyan Poly Clinic,Pitampura,,04:00 PM,08:00 PM,Delhi
158,158,Dr. Utsav Sahu,General+Physician,9.0,MD - Medicine,,,,,Bladder InfectionsNext ,04:00 PM,08:00 PM,Delhi
159,159,Dr. Nikhil Aggarwal,General+Physician,9.0,"MBBS, MD - Anatomy",₹ 600,₹ 600,Medical care,Gujranwala Town,,04:30 PM,11:00 PM,Delhi
160,160,Dr. Neelam Nath,General+Physician,49.0,"Diploma in Obstetrics & Gynaecology, MBBS",₹ 200,₹ 300,Suneera Charitable Center,New Delhi,"Pregnancy, AbortionNext ",04:00 PM,07:00 PM,Delhi
161,161,Dr. Pratik Banerjee,General+Physician,35.0,MBBS,,,,,Neck PainNext ,08:30 AM,01:30 PM,Delhi
162,162,Dr. Rakesh Sharma,General+Physician,36.0,"DDF, FCCP, MD , MBBS",₹ 700,,₹ 1,000 onlineDr Rakesh Sharma’s Clinic,"Diabetes, Dizziness, ImmunizationsNext ",01:00 PM,06:00 PM,Delhi
163,163,Dr. Ritez Kumar,General+Physician,18.0,"MBBS, MD - Internal Medicine",₹ 600,,GLOBAL WELLNESS CENTRE,Dabri,"Headaches, Chest Pain, TuberculosisNext ",06:00 PM,09:00 PM,Delhi
164,164,Dr. Hariom Ahuja,General+Physician,45.0,"MD - Internal Medicine, MBBS",,₹ 400,Ahuja Clinic,Saket,,05:00 PM,06:30 PM,Delhi
165,165,Dr. Ramneek Varma,General+Physician,48.0,"MD-Internal Medicine , MBBS",,₹ 300,Sukhmani Hospital,Safdarjung Enclave,"Staying Healthy, Body Weakness, Alcoholic Liver DiseaseNext ",05:00 PM,06:00 PM,Delhi
166,166,Dr. Vipul Mohan,General+Physician,17.0,"MBBS, MD - General Medicine, Diploma In Cardiology",,,,,"Diabetes, Diabetes ManagementNext ",04:00 PM,08:00 PM,Delhi
167,167,Dr. Mohd. Sajid Khan,General+Physician,17.0,"MD, MBBS",₹ 200,₹ 200,Alshifa Hospital,Okhla,"Neck Pain, Stomach Pain, HeadachesNext ",03:00 PM,05:00 PM,Delhi
168,168,Dr. Rajesh Kumar Meena,General+Physician,19.0,"MD - Consultant Physician, Senior Resident-Emergency Medicine",,₹ 800,Moolchand Medcity,Lajpat Nagar,,11:00 AM,03:00 PM,Delhi
169,169,Dr. Suresh Mittal,General+Physician,40.0,"MD, MBBS",,,,,,04:00 PM,05:00 PM,Delhi
170,170,Dr. Satish Kumar Bhardwaj,General+Physician,33.0,Fellowship of College of General Practice (FCGP),,,,,,06:30 PM,08:00 PM,Delhi
171,171,Dr. Pankaj Kumar,General+Physician,19.0,"MBBS, DNB FAMILY MEDICINE",₹ 700,₹ 650,Diet Plus Minus,Delhi,,10:00 AM,02:00 PM,Delhi
172,172,Dr. Manish Gambhir,General+Physician,29.0,BAMS,₹ 200,₹ 700,Pushp Clinic,New Delhi,AllergyNext ,10:00 AM,01:30 PM,Delhi
173,173,Dr. Sanjeev Gupta,General+Physician,24.0,"MBBS, MD - Medicine, POST GRADUATE CLINICAL COURSE IN DIABETES MANAGEMENT",₹ 500,₹ 500,Dr. Sanjeev Clinc,Vaibhav Khand,"Chickenpox Treatment  , Diabetes, Neck Pain",09:00 AM,12:00 PM,Delhi
174,174,Dr. Sanchayan Roy,General+Physician,26.0,"DNB (Medicine), MBBS",,,,,"Headaches, Stomach Pain, SweatingNext ",09:00 AM,11:30 AM,Delhi
175,175,Dr. Manisha Roy,General+Physician,18.0,MBBS,₹ 500,₹ 300,Dr. Manisha,Delhi,"Erection Problems, Epilepsy, Neck PainNext ",10:00 AM,07:30 PM,Delhi
176,176,Dr. Aakash Kumar,General+Physician,7.0,"Bachelor of Ayurveda, Medicine and Surgery (BAMS), CMS & ED, MD, ACCM, ACDM",₹ 300,₹ 300,,,,12:00 PM,05:00 PM,Delhi
177,177,Dr. Ashok Grover,General+Physician,45.0,"MBBS, Diploma in Tuberculosis and Chest Diseases (DTCD), MD - General Medicine",,,,,"Gaining Weight, Hyperthyroidism, Underactive ThyroidNext ",10:00 AM,12:00 PM,Delhi
178,178,Dr. Arun  Jain,General+Physician,36.0,MBBS,₹ 500,₹ 500,Dr. Arun Jain's Clinic,Rohini,,09:00 AM,01:30 PM,Delhi
179,179,Dr. Bharat Bhushan Bharti,General+Physician,29.0,MD Physician,₹ 500,,Dr Bharti Clinic,Gulabi Bagh,,06:00 PM,09:00 PM,Delhi
180,180,Dr. Manoj Kumar Jha,General+Physician,29.0,"MBBS, MBA (Healthcare)",₹ 500,₹ 500,Dr Jha Online Consultation,Delhi,"Gastric Problem, Chikungunya, Neck Pain",09:00 AM,11:00 PM,Delhi
181,181,Dr. Nishi Nath Jha,General+Physician,39.0,"MBBS, MD - Medicine",₹ 500,₹ 900,Good Health Clinic,Shastri Nagar,,10:00 AM,02:00 PM,Delhi
182,182,Dr. Amit Singhal,General+Physician,18.0,"M.B.B.S., M.D.",₹ 450,₹ 200,Singhal Clinic,New Delhi,,10:00 AM,01:00 PM,Delhi
183,183,Dr. Garima,General+Physician,3.0,MNAMS (Membership of the National Academy) (Ophthalmology),₹ 300,,Private Practitioner,Sarita Vihar,"Allergy, Allergy TreatmentNext ",07:00 AM,04:30 PM,Delhi
184,184,Dr. Pulkit K.Varshney,General+Physician,12.0,"MBBS Bachelor of Medicine and Bachelor of Surgery, Postgraduate Diploma Clinical Cardiolog...read more",₹ 500,₹ 500,Dr.Pulkits Family  Clinic And Diabetes Centre,Subhash Nagar,,10:00 AM,02:00 PM,Delhi
185,185,Dr. Dheeraj Khatri,General+Physician,18.0,MD,₹ 250,₹ 250,DD khatri family clinic,Shalimar Bagh,"Thyroid Problems Treatment, Allergy Treatment, AllergyNext ",06:00 PM,08:30 PM,Delhi
186,186,Dr. Vikram Jeet Singh,General+Physician,28.0,,,,,,,02:00 PM,05:00 PM,Delhi
187,187,Dr. Suman Nigam,General+Physician,41.0,MBBS,₹ 800,₹ 300,Dr. Suman Clinic,Vasant Kunj,,06:00 PM,08:00 PM,Delhi
188,188,Dr. Rachna Kucheria,General+Physician,31.0,"MBBS, MD - Medicine, MD - USC, California",,,,,,10:00 AM,03:00 PM,Delhi
189,189,Dr. A.P. Bhatia,General+Physician,35.0,"MD - Internal Medicine, MBBS",₹ 500,₹ 500,Dr. A.P. Bhatia Clinic,Krishna Nagar,,06:30 PM,07:30 PM,Delhi
190,190,Dr. Atul Kakar,General+Physician,35.0,"Fellowship in  Rheumatology, MNAMS, DNB (Internal Medicine), MBBS",,,,,"Allergy Treatment, AllergyNext ",04:00 PM,06:00 PM,Delhi
191,191,Dr. Yogesh Sehrawat,General+Physician,17.0,MD - General Medicine,,₹ 400,Siddharth Multispeciality Hospital,Bawana,Tuberculosis,,,Delhi
192,192,Dr. Sabyasachi Das,General+Physician,27.0,MBBS,₹ 300,,₹ 1,000 onlineDr Sabyasachi Das Clinic ( Samalka ),"Small Penis Size, HIV AIDS, Jaundice",04:00 PM,09:00 PM,Delhi
193,193,Dr. A.K. Kaushik,General+Physician,55.0,"MRCP, MBBS",₹ 800,₹ 600,Res. Cum Clinic,Janakpuri,,08:00 PM,09:00 PM,Delhi
194,194,Dr. Jagmohan Singh,General+Physician,49.0,MBBS,₹ 350,₹ 300,Dr. Jagmohan Singh Clinic,Kalkaji,RabiesNext ,10:00 AM,01:00 PM,Delhi
195,195,Dr. Ajay Arora,General+Physician,42.0,"Fellowship of College of General Practice (FCGP), MBBS",₹ 450,,Doctor Ajay Arora's Clinic And Diagnostix Path. Centre,New Delhi,,10:00 AM,01:00 PM,Delhi
196,196,Dr. A.K. Shukla,General+Physician,34.0,MD - Internal Medicine,₹ 850,₹ 500,,,"Diabetes, AsthmaNext ",07:30 PM,09:30 PM,Delhi
197,197,Dr. Rps Makkar,General+Physician,24.0,MD,₹ 600,₹ 600,,,Viral Fever Treatment,07:00 PM,09:00 PM,Delhi
198,198,Dr. Manish Jain,General+Physician,6.0,MBBS,,₹ 170,MediSeed,Delhi,,02:00 PM,08:00 PM,Delhi
199,199,Dr. S K Tyagi,General+Physician,42.0,"MBBS, MD - Medicine, SR(Cardiology), PGDHA",,₹ 300,Tyagi Nursing Home,Tilak nagar,,10:00 AM,02:00 PM,Delhi
200,200,Dr Naresh Agarwal,Orthopedist,17.0,,,,,,,05:00 PM,08:00 PM,Delhi
201,201,Dr Abhishek Bansal,Orthopedist,19.0,,,,,,,05:00 PM,08:00 PM,Delhi
202,202,Dr Kamal Bachani Bachani,Orthopedist,34.0,,,,,,"Knee Pain Treatment, Knee Pain, Finger Pain",05:00 PM,08:00 PM,Delhi
203,203,Dr. Hitin,Orthopedist,,,,,,,ACL Reconstruction,05:00 PM,08:00 PM,Delhi
204,204,Dr. Jitender Pal Singh,Orthopedist,25.0,MBBS,₹ 700,₹ 400,Dr J P Singh Bone And Joint Clinic,Punjabi Bagh,"Leg Pain, Foot Pain, Joint Pain",10:00 AM,07:00 PM,Delhi
205,205,Dr. Sujit Narayan,Orthopedist,20.0,,,,,,,05:00 PM,08:00 PM,Delhi
206,206,Dr. Saurabh Rawall,Orthopedist,19.0,"MBBS,  MS - Orthopaedics , FNB - Spine Surgery, Fellow in Spine Surgery,  Fellowship In Pa...read more",,₹ 500,Institutes Of Spine,Indraprastha Apollo Hospital,"Disk Slip, Shoulder SLAP (Tear) Lesions, Slip DiscNext ",12:00 PM,02:00 PM,Delhi
207,207,Dr. Sunny Chopra Orthopaedics Gold Medalist,Orthopedist,14.0,"MS - Orthopaedics, MNAMS (Membership of the National Academy) (General Surgery) , DNB (Ort...read more",₹ 500,₹ 400,Dr. Chopras Spine Joint Solutions India,Moti Nagar,,05:30 PM,08:30 PM,Delhi
208,208,Dr. Rakesh Kumar,Orthopedist,24.0,"MS - Orthopaedics, MBBS",₹ 500,₹ 500,Anuraksha Specialised Orthopaedic Clinic,Paschim Vihar,"Knee Pain, Shoulder Pain, Hand PainNext ",06:30 PM,08:00 PM,Delhi
209,209,Dr. Deepak Kumar Arora,Orthopedist,18.0,"MBBS, MS - Orthopaedics",₹ 500,₹ 300,Esskay Orthopaedic Centre,Krishna Nagar,"Knee Pain, Back Pain, Lower Back PainNext ",05:00 PM,08:00 PM,Delhi
210,210,Dr. Pankaj Gupta,Orthopedist,30.0,"M Ch. Ortho, MS - Orthopaedics, MBBS",₹ 600,₹ 500,Skin And Bones Clinic,Delhi,"Shoulder Pain, Hand Pain, Joint PainNext ",06:30 PM,09:00 PM,Delhi
211,211,Dr. Shekhar Srivastav,Orthopedist,30.0,"MBBS, MS - Orthopaedics, AO Fellowship",,₹ 800,Sant Parmanand Hospital,Civil Lines,"Ankle Pain Treatment, Joint PainNext ",02:00 PM,04:00 PM,Delhi
212,212,Dr. Sudhir Seth,Orthopedist,43.0,"MCh, DNB (Orthopedics), MS - Orthopaedics, MBBS",₹ 900,₹ 300,Dr. Sudhir Seth's Orthopoint,Chittaranjan Park,"Spine Injuries, Back Pain, Heel Pain",12:00 PM,03:00 PM,Delhi
213,213,Dr. Ashwani Maichand,Orthopedist,32.0,"Fellowship in Joint Replacement , M.Ch , MS - Orthopaedics, MBBS",,,,,"Knee replacement Treatment, Osteoarthritis, Knee PainNext ",05:00 PM,08:00 PM,Delhi
214,214,Dr. Neelabh,Orthopedist,34.0,"DNB (Orthopedics), Diploma in Orthopedics, MBBS",₹ 800,,₹ 1,200 onlineClinic Intermed,,06:00 PM,08:00 PM,Delhi
215,215,Dr. Vishal Nigam,Orthopedist,26.0,,,₹ 300,,,,09:00 AM,05:00 PM,Delhi
216,216,Dr. Gurinder Bedi,Orthopedist,36.0,"CCST(Internal Medicine), FRCS (Orth Surg), FRCS, MS - Orthopaedics, DNB Orthopedics, MBBS",,,,,"Back Pain, Foot Pain, Bone FractureNext ",05:00 PM,07:00 PM,Delhi
217,217,Dr. Subhash Shalya,Orthopedist,43.0,"MBBS, MS - Orthopaedics, MS - General Surgery",,,,,Orthopedic SurgeryNext ,10:00 AM,01:00 PM,Delhi
218,218,Dr. Deepak Thakur,Orthopedist,23.0,"M.CH. (Ortho), MS - Orthopaedics, MBBS",,₹ 700,Delhi Orthopedic Clinic,Karol Bagh,"Knee Pain, Shoulder Pain, Rheumatoid ArthritisNext ",06:00 PM,09:00 PM,Delhi
219,219,Dr. Suraj Prakash,Orthopedist,34.0,"M.Ch - Orthopaedics, Fellowship in Arthroscopy & Sports Medicine, MS - Orthopaedics, MBBS",₹ 900,₹ 300,Bone & Joint Clinic,Saket,"Back Pain, Foot Pain, Knee PainNext ",11:00 AM,01:30 PM,Delhi
220,220,Dr. Kunal Aneja,Orthopedist,11.0,"M.B.B.S., MS - Orthopaedics, DNB (Orthopedics), Diploma in Orthopaedics, Fellowships in Jo...read more",₹ 800,₹ 300,Naveda Healthcare Centre,New Delhi,Arthroscopy,10:30 AM,12:30 PM,Delhi
221,221,Dr. Gurdeep Singh Uppal,Orthopedist,48.0,"MBBS, Diploma In Orthopaedics, DNB (Orthopedics), MBA (HCA)",₹ 500,₹ 600,Ortho Care Clinic,Dwarka Sector 6,,05:00 PM,08:00 PM,Delhi
222,222,Dr. Suresh  Arora,Orthopedist,38.0,MS,₹ 400,,Surya Orthoedic & Trauma Centre,Vasant Kunj,"Joint Pain, Back PainNext ",06:00 PM,08:00 PM,Delhi
223,223,Dr. Abhishek Kumar Mishra,Orthopedist,25.0,"MS - Orthopaedics, MCH, Membership of the Royal College of Surgeons (MRCS), MBBS Bachelor ...read more",,,,,"Back Pain, Fracture Treatment, Lower Back PainNext ",06:00 PM,08:00 PM,Delhi
224,224,Dr. Prabhat Agarwal,Orthopedist,20.0,"MS - Orthopaedics, MBBS",₹ 400,₹ 300,Garg Hospital,Karkardooma,"Knee Pain Treatment, Knee Pain, Musculoskeletal DisordersNext ",05:00 PM,07:00 PM,Delhi
225,225,Dr. N C Gupta,Orthopedist,58.0,"MBBS, MS - Orthopaedics",₹ 500,₹ 500,Saroj Clinic,Roop Nagar,"Knee Pain Treatment, Knee Pain, Spinal SurgeryNext ",03:00 PM,08:45 AM,Delhi
226,226,Dr. Sunil Tuli,Orthopedist,40.0,"M. Ch. (Ortho), MS - Orthopaedics, Diploma In Orthopaedics (D. Ortho), MBBS",,,,,Orthopedic SurgeryNext ,05:30 PM,07:30 PM,Delhi
227,227,Apollo Spectra Hospitals,Orthopedist,,,,,,,,09:00 AM,09:00 PM,Delhi
228,228,Dr. Ashis Acharya,Orthopedist,22.0,"Fellowship, MS - Orthopaedics, MBBS",,₹ 350,Sir Ganga Ram Hospital,Rajender Nagar,"Knee Pain, Knee Pain, Joint PainNext ",06:00 PM,08:00 PM,Delhi
229,229,Dr. Atul Mishra,Orthopedist,28.0,"Fellowship In Joint Replacement, MS - Orthopaedics, MBBS",,₹ 700,Arthroplasty & Sports Injury Centre,Vikas Marg,,06:00 PM,09:00 PM,Delhi
230,230,Dr. Mandeep Singh,Orthopedist,22.0,"DNB (Orthopedics), M Ch. Ortho, Diploma In Orthopaedics (D. Ortho)",₹ 800,₹ 400,DELHI ORTHO & SPINE CLINIC,Rajouri Garden,,11:00 AM,01:00 PM,Delhi
231,231,Dr. Tarush Rustagi,Orthopedist,20.0,"MBBS, MS - Orthopaedics, DNB (Orthopedics), Adult and pediatric Spine Fellowship, Complex ...read more",,₹ 500,Indian Spinal Injuries Centre,Vasant Kunj,,09:00 AM,04:00 PM,Delhi
232,232,Dr. Chandeep Singh,Orthopedist,26.0,"MS - Orthopaedics, MBBS",,₹ 800,,,"Joint Pain Treatment, Joint Pain, Ankle Injury TreatmentNext ",06:30 PM,08:00 PM,Delhi
233,233,Dr. Gaurav Khera,Orthopedist,21.0,"MBBS, Diploma In Orthopaedics (D. Ortho), DNB - Orthopedics, Mch, MCH",₹ 700,₹ 300,Dr. Khera's Wellness Clinic,Inderpuri,"Knee Pain, Leg Pain, Joint PainNext ",06:00 PM,09:00 PM,Delhi
234,234,Dr. Rajesh Bhalla,Orthopedist,21.0,"M Ch. Ortho, MS - Orthopaedics, MBBS",₹ 600,₹ 300,Delhi Heart And Lung Institute,Delhi,,10:00 AM,11:00 AM,Delhi
235,235,Dr. Atul Kumar Garg,Orthopedist,24.0,"MBBS, MS - Orthopaedics, Fellowship In Arthroscopy & Arthroplasty, Advanced Life trauma Su...read more",₹ 400,₹ 700,Dr. Atul Kumar Garg's Clinic,Rohini,,07:00 PM,09:00 PM,Delhi
236,236,Dr. Siddharth Gupta,Orthopedist,9.0,"MBBS Bachelor of Medicine and Bachelor of Surgery, MS - Orthopaedics, DNB (Orthopedics)",₹ 800,₹ 300,Nulife Hospital & Maternity Center,Delhi,,05:30 PM,07:00 PM,Delhi
237,237,Dr. Abhimanyu Singh,Orthopedist,22.0,"MBBS, M. S. Orthopedics, M.ch. Orthopaedics, MD - Sports Medicine",₹ 300,₹ 300,Avni Healthcare,Delhi,"Hip Pain Treatment, Ankle Pain Treatment, Hip PainNext ",06:00 PM,06:30 PM,Delhi
238,238,Dr. S. Mahanta,Orthopedist,27.0,"MBBS, MS - Orthopaedics, DNB - Orthopedics, Fellowship Joint Replacement Surgery",₹ 600,₹ 700,The Bone Clinic,Dwarka Sector 6,,10:00 AM,01:00 PM,Delhi
239,239,Dr. Joginder Kumar,Orthopedist,25.0,"Msc( Sports Medicine ), M. Ch. (Ortho), MNAMS, DNB (Orthopedics), MBBS, Dip SEM",₹ 500,₹ 400,,,,,,Delhi
240,240,Dr. Sumit Garg,Orthopedist,18.0,"DNB (Orthopedics), Diploma In Orthopaedics (D. Ortho), MBBS",₹ 600,₹ 300,Jagmohan Bone & Joint Clinic,Pitampura,,06:15 PM,08:00 PM,Delhi
241,241,Dr. S.S Sanyal,Orthopedist,48.0,"MS - Orthopaedics, Diploma In Orthopaedics (D. Ortho), MBBS",,,,,"Back Pain, Knee Pain, Joint PainNext ",06:00 PM,08:30 PM,Delhi
242,242,Dr. Vimal Kumar Dakour,Orthopedist,20.0,,₹ 500,₹ 350,Motherhood Clinic,Lajpat Nagar,,08:00 AM,08:00 PM,Delhi
243,243,Dr. Arun Jain,Orthopedist,40.0,"MS - Orthopaedics, Diploma in Tuberculosis and Chest Diseases (DTCD), MBBS",₹ 500,₹ 500,Dr ARUN JAIN,Rohini,,11:00 AM,02:00 PM,Delhi
244,244,Dr. Pardeep Bageja,Orthopedist,28.0,"DNB - Orthopaedics, MBBS",,,,,"Joint Replacement, Joint PainNext ",06:00 PM,08:00 PM,Delhi
245,245,Dr. Anuj Jain,Orthopedist,17.0,"MBBS, MS - Orthopaedics, DNB  - Orthopaedics",₹ 800,₹ 500,,,,02:00 PM,04:00 PM,Delhi
246,246,Dr. Akhilesh Rathi,Orthopedist,20.0,"MCh Ortho, DNB Ortho, MS Ortho, MBBS",₹ 700,,Rathi Orthopaedic & Spine Clinic,Dwarka,"Ankle Pain Treatment, Joint Dislocation, Orthopedic SurgeryNext ",06:30 PM,08:30 PM,Delhi
247,247,Dr. Deepak Batra,Orthopedist,32.0,"MBBS, MS - Orthopaedics",₹ 400,,₹ 1,000 onlinePatel Hospital,,11:00 AM,02:00 PM,Delhi
248,248,Dr. Ashu Consul,Orthopedist,25.0,"MBBS, MS - Orthopaedics, M.Ch - Orthopaedics, MRCS-Ortho",₹ 600,,The Neo Orthopedic  Clinic,Dwarka,,06:00 PM,09:00 PM,Delhi
249,249,Dr. Amit Shridhar,Orthopedist,24.0,"MBBS, D (ORTHO), DNB (Orthopedics), MCH (Orthopedic), Spine Fellowship DePUY, Medtronics S...read more",₹ 700,,The Spine care Clinic,Pitampura,"Ankle Pain Treatment, Knee Pain, Back PainNext ",06:00 PM,08:00 PM,Delhi
250,250,Dr. Ridhi Narang,Gynaecologist,12.0,"M.B.B.S, MS - Obstetrics and Gynaecology, FMAS.Laparoscopy, Royal College of Obstetricians...read more",,₹ 450,The Clinics- By Surgeons House,Delhi,,09:00 AM,07:00 PM,Delhi
251,251,Dr. Garima Sachdeva,Gynaecologist,,,₹ 500,₹ 350,Pristyn care,Tagore Garden,,10:00 AM,08:00 PM,Delhi
252,252,Dr. Ketaki,Gynaecologist,,,₹ 500,,Pristyn Care Clinic,South Delhi,,05:00 PM,08:00 PM,Delhi
253,253,Dr. Rati Rabra,Gynaecologist,14.0,"MBBS, DGO",₹ 500,,Pristyn Care Clinic,West Delhi,,05:00 PM,08:00 PM,Delhi
254,254,Dr. Nipun Sharma,Gynaecologist,21.0,"MBBS, MS - Obstetrics and Gynaecology",₹ 600,,Kalpavriksh Super Speciality Center,Dwarka Sector 13,,11:00 AM,01:00 PM,Delhi
255,255,Dr. Reena,Gynaecologist,,,₹ 500,₹ 500,Pristyn Care Clinic,Delhi,,05:00 PM,08:00 PM,Delhi
256,256,Dr B,Gynaecologist,,,₹ 500,,Pristyn Care Clinic,Delhi,,05:00 PM,08:00 PM,Delhi
257,257,Dr. Seema Saxena,Gynaecologist,39.0,"MBBS, MS - Obs & Gynae (Gold Medalist)",,,,,,06:00 PM,08:00 PM,Delhi
258,258,Dr. Demo,Gynaecologist,,,₹ 200,₹ 100,Abc Clinic,Khanpur,,09:00 AM,05:00 PM,Delhi
259,259,Dr. Mannan,Gynaecologist,,,,,,,,10:00 AM,05:00 PM,Delhi
260,260,Dr. Shuchi Lakhanpal Kalia,Gynaecologist,,,₹ 500,,Pristyn Care Clinic,Noida,,05:00 PM,08:00 PM,Delhi
261,261,Dr. Arushi Aggarwal,Gynaecologist,15.0,"MBBS, MS - Obstetrics & Gynaecology",₹ 700,,Shubham Hospital,Kalkaji,,02:00 PM,07:30 PM,Delhi
262,262,Dr. Manika Khanna,Gynaecologist,28.0,"MBBS , MD - Obstetrics & Gynaecology, Diploma in advanced gynaecological endoscopy",,₹ 500,Gaudium IVF & Gynac Solution,Janakpuri,Trying to ConceiveNext ,11:00 AM,02:00 PM,Delhi
263,263,Dr. Rakhi Gupta,Gynaecologist,32.0,"FICOG, FICMCH, FIMSA, MD - Obstetrtics & Gynaecology, MBBS",,₹ 800,MI Heart & Women's Health Care Clinic and Diagnostic Centre,Sarita Vihar,"No Periods, Irregular Periods, Painful PeriodsNext ",05:00 PM,08:00 PM,Delhi
264,264,Dr. Yashica Gudesar,Gynaecologist,25.0,"MBBS, DNB - Obstetrics and Gynecology, DGO",₹ 700,₹ 500,Mother & Child Care Clinic,Dwarka,"Pregnancy, Polycystic Ovary Syndrome, Pregnancy QueryNext ",10:00 AM,12:00 PM,Delhi
265,265,Dr. Anju Ahuja,Gynaecologist,41.0,"DGO, MBBS",₹ 800,₹ 600,Ahuja Clinic,Saket,"Delay Periods, No Periods, PregnancyNext ",09:00 AM,11:00 AM,Delhi
266,266,Dr. Seema Sharma,Gynaecologist,32.0,"MBBS, DGO, MD - Obstetrics & Gynaecology, MRCOG",,₹ 500,Srishti Health Care Centre,Rajouri Garden,"No Periods, Irregular Periods, Avoid PregnancyNext ",05:30 PM,07:30 PM,Delhi
267,267,Dr. Jyotsna Gupta,Gynaecologist,23.0,"DNB (Obstetrics and Gynecology), PGDHHM, MBBS, FICMCH, MNAMS (Obstetrics and Gynecology)",₹ 700,₹ 700,Dr. Jyotsna's Clinic (Resi cum Clinic) Delhi,Delhi,Uterine BleedingNext ,07:30 PM,08:30 PM,Delhi
268,268,Dr. Pooja Choudhary,Gynaecologist,23.0,"MD - Obstetrtics & Gynaecology, MBBS",₹ 900,₹ 900,Gynae and ENT Clinic,Safdarjung Enclave,"No Periods, Irregular Periods, Trying to ConceiveNext ",05:00 PM,07:30 PM,Delhi
269,269,Dr. Shabnam,Gynaecologist,20.0,"DNB (Obstetrics and Gynecology) Tr, MBBS, Laparoscopy Training from AIIMS, PCOS Course don...read more",,,,,,11:00 AM,01:00 PM,Delhi
270,270,Dr. Aaditi Acharya,Gynaecologist,18.0,"MBBS, DGO",₹ 600,₹ 600,Wellness Clinic Apollo 24I7,Laxmi Nagar,"Termination Of Pregnancy, Abortion, No PeriodsNext ",05:30 PM,08:00 PM,Delhi
271,271,Dr. Vijay Lakshmi Rawat,Gynaecologist,29.0,"MBBS, MD - Obstetrtics & Gynaecology",,,,,"No Periods, Polycystic Ovary Syndrome, Trying to ConceiveNext ",01:00 PM,02:00 PM,Delhi
272,272,Dr. Seema Sehgal,Gynaecologist,36.0,"Art - Advance Course Infertility, MS - Obstetrics and Gynaecology, MBBS",,₹ 300,Dr Seema Sehgal's Clinic,Delhi,"Irregular Periods, No Periods, InfertilityNext ",06:30 PM,08:30 PM,Delhi
273,273,Dr. Aradhana Kalra Dawar,Gynaecologist,21.0,"MBBS, MS - Obstetrics and Gynaecology, DNB - Obstetrics & Gynecology, Post Graduate Diplom...read more",₹ 500,₹ 200,,,"Fertility, Fertilization, In Vitro Fertilization (IVF) Treatment",11:00 AM,03:00 PM,Delhi
274,274,Dr. Shakuntla Kumar,Gynaecologist,41.0,"Diploma In Endoscopic Surgery, DGO, MBBS",₹ 800,₹ 700,Nulife Hospital,Hakikat Nagar,"Caesarean Section, Pregnancy, SurrogacyNext ",10:00 AM,01:00 PM,Delhi
275,275,Dr. Prerna Gupta,Gynaecologist,20.0,"MBBS, MD - Obstetrtics & Gynaecology, MRCOG , Fellowship In ART",,₹ 400,Dr Prerna Gupta MD AIIMS clinic,Hauz Khas,,08:00 AM,04:00 PM,Delhi
276,276,Dr. Pratibha Gupta,Gynaecologist,24.0,"MBBS, MS - Obstetrics & Gynaecology",₹ 500,₹ 700,Healing Hands,Janakpuri,"Pregnancy, Delivery",11:00 AM,01:00 PM,Delhi
277,277,Dr. Nimmi Rastogi,Gynaecologist,29.0,"DGO, MBBS, Advanced Infertility",,₹ 500,Sarthak Medical Centre,Delhi,"Abortion, Pregnancy Query, Avoid Pregnancy",03:00 PM,05:00 PM,Delhi
278,278,Dr. Rita Bakshi,Gynaecologist,41.0,"MBBS, DGO, MD, Fellowship in Gynae Oncology",,,,,"Trying to Conceive, In Vitro Fertilization (IVF) Treatment, Infertility TreatmentNext ",09:00 AM,06:00 PM,Delhi
279,279,Dr. Sutopa Banerjee,Gynaecologist,27.0,"DNB (Obstetrics and Gynecology), DGO , MBBS",,,,,"Delivery, Gynae Problems, Laparoscopic Surgery (Obs  Gyn)Next ",05:00 PM,08:00 PM,Delhi
280,280,Dr. Chhavi,Gynaecologist,19.0,"MBBS, MS - Obstetrics and Gynaecology, DNB (Obstetrics and Gynecology)",₹ 300,₹ 500,Avni Healthcare,Rohini,"Gynae Problems, Delivery, FertilityNext ",06:00 PM,08:00 PM,Delhi
281,281,Dr. Vandana Gupta,Gynaecologist,39.0,"MS - Obstetrics and Gynaecology, MBBS",₹ 500,₹ 300,Archana Medical Centre,Mayur Vihar Phase 2,"Pregnancy, Polycystic Ovary SyndromeNext ",09:00 AM,01:30 PM,Delhi
282,282,Dr. Indira Das,Gynaecologist,39.0,"MBBS, DNB (Obstetrics and Gynecology), MD - Obstetrtics & Gynaecology",₹ 400,,₹ 3,000 onlineDr Indira's Clinic,"No Periods, Pregnancy, Irregular PeriodsNext ",08:00 PM,09:00 PM,Delhi
283,283,Dr. Vaishali Sharma M D ( A.I.I.M.S),Gynaecologist,18.0,"MD - Obstetrtics & Gynaecology, MBBS, Diploma In Specialised Advanced Gynaecological Endoscopy",,,,,"No Periods, Abortion, Avoid PregnancyNext ",09:00 AM,06:00 PM,Delhi
284,284,Dr. Sheetal Sachdeva,Gynaecologist,23.0,"DNB (Obstetrics & Gynecology), DGO, MBBS",₹ 800,₹ 800,Nest Gynae & Ortho Speciality Clinic,Delhi,"Delivery, Antenatal CareNext ",09:30 AM,10:30 AM,Delhi
285,285,Dr. Jyoti Chugh,Gynaecologist,39.0,"MD - Obstetrtics & Gynaecology, MBBS, DNB (Obstetrics and Gynecology)",₹ 800,,₹ 1,000 onlineSatyam Medical Centre,Gynae ProblemsNext ,10:00 AM,02:30 PM,Delhi
286,286,Dr. Shikha Jain,Gynaecologist,20.0,"FNB Reproductive Medicine, MD -Obstretics & Gynaecology, MBBS, Fellow ship of Indian Colle...read more",₹ 800,₹ 900,DREAMZ IVF,Pitampura,"Pregnancy Problems, Intra-Uterine Insemination (Iui), PregnancyNext ",09:00 AM,01:00 PM,Delhi
287,287,Dr. Gayatri  Bala,Gynaecologist,29.0,"MBBS, DGO, DNB - Obstetrics and Gynecology",,₹ 500,Ayoni Cure De Jouvence,Model Town,"No Periods, Irregular Periods, Pregnancy QueryNext ",09:00 AM,01:00 PM,Delhi
288,288,Dr. Supriya Kumari,Gynaecologist,20.0,"MBBS, DGO, DNB (Obstetrics and Gynecology)",₹ 300,₹ 300,Adarsh Hospital,Rohini,,11:00 AM,02:00 PM,Delhi
289,289,Dr. Usha. M. Kumar,Gynaecologist,35.0,"Diploma in Advance Endoscopy, Royal College of Obstetricians and Gynaecologists (MRCOG), MS, MBBS",,₹ 300,Saket City Hospital,Saket,"Sex Education, Pregnancy Query, AbortionNext ",09:00 AM,11:00 AM,Delhi
290,290,Dr. Ranjana Sharma,Gynaecologist,48.0,"FRCOG (LONDON) (Fellow of Royal College of Obstetricians and Gynaecologists), Royal Colleg...read more",,,,,"Pregnancy, Chromosomal Abnormality Screening, Pregnancy ProblemsNext ",12:00 PM,02:00 PM,Delhi
291,291,Dr. Aastha Gupta,Gynaecologist,14.0,"Advanced Infertility, Advanced Infertility, Diploma in Obstetrics & Gynaecology, MBBS",₹ 900,₹ 400,Delhi IVF & Fertility Center,Bengali Market,"Abortion, Pregnancy Query, InfertilityNext ",09:00 AM,06:00 PM,Delhi
292,292,Dr. Manju Aggarwal,Gynaecologist,32.0,"MBBS , DGO , FIMAS",₹ 800,₹ 500,Arihant Clinic,Delhi,"Sex Education, No Periods, Trying to ConceiveNext ",01:00 PM,04:00 PM,Delhi
293,293,Dr. Deepa Dureja,Gynaecologist,36.0,"MS - Obstetrics and Gynaecology, MBBS",₹ 700,₹ 600,Pulse Medical Centre,Greater Kailash,,12:00 PM,07:00 PM,Delhi
294,294,Dr. Priyata Lal,Gynaecologist,28.0,"FICOG, FICS, MS - Obstetrics and Gynaecology, DNB (Obstetrics and Gynecology), MBBS",₹ 600,,Shreeya Gynae Clinic,Delhi,"Gynae Problems, Termination Of Pregnancy, PregnancyNext ",06:00 PM,08:00 PM,Delhi
295,295,Dr. Shilpi Sachdev,Gynaecologist,25.0,"MBBS, DNB - Obstetrics & Gynecology, Diploma in Laparoscopy, Fellowship in Minimal Access Surgery",₹ 700,₹ 300,Dr. Shilpi Sachdev Clinic,Delhi,,11:00 AM,01:00 PM,Delhi
296,296,Dr. Anushka Madan,Gynaecologist,24.0,"MBBS, MS - Obstetrics and Gynaecology, Diploma In Ultrasound, Fellowship in Reproductive M...read more",,₹ 350,,,"Sex Education, No Periods, Irregular PeriodsNext ",09:30 AM,05:30 PM,Delhi
297,297,Dr. Soni Anand,Gynaecologist,25.0,"DGO, MBBS",₹ 700,₹ 500,Surya Clinic - Dr. Soni Anand,Rohini,"Sex Education, Irregular Periods, Trying to ConceiveNext ",11:00 AM,02:00 PM,Delhi
298,298,Dr. Ruchi Malhotra,Gynaecologist,32.0,"MBBS Bachelor of Medicine and Bachelor of Surgery, DNB - Obstetrics & Gynecology, DGO",₹ 500,₹ 500,FSIVF & Research Center,Azadpur,,10:00 AM,03:00 PM,Delhi
299,299,Dr. Uma,Gynaecologist,36.0,"MS- Gynaecology, MBBS",₹ 400,₹ 300,Mother Clinic,Naraina,"Sex Education, Pregnancy Query, Pregnancy",10:00 AM,12:00 PM,Delhi
300,300,Dr. Rashid Akhtar,Homeopathy,23.0,"MD - Homeopathy, BHMS",₹ 600,₹ 300,,,"Increase height, Body Weakness, DiabetesNext ",06:00 PM,08:00 PM,Delhi
301,301,Dr. Madhav Shyam  Nano Homeopathy Delhi,Homeopathy,33.0,"BHMS, MBAHCS, B.Sc. in Biology",₹ 300,₹ 300,Nano Homeopathy,Dwarka Sector 12,,04:00 PM,08:30 PM,Delhi
302,302,Dr. Mukesh Singh,Homeopathy,23.0,"B.H.M.S., Senior Homeopath Consultant",₹ 500,₹ 350,Mission Chronic Cure,Mayur Vihar,"Gaining Weight, Staying Healthy, Body WeaknessNext ",06:30 PM,09:00 PM,Delhi
303,303,Dr. Sanket Gupta,Homeopathy,15.0,"BHMS, MD-Homeopathy, PGPC -  Preventive Cardiology",,₹ 250,AKGs OVIHAMS MEDICAL CENTER For Homoeo - Psycho Cure N Care With Wellness ( Moti Bagh ),Satya Niketan,"Headaches, Body Weakness, Masturbation AddictionNext ",11:00 AM,02:00 PM,Delhi
304,304,Dr. Swati,Homeopathy,9.0,BHMS,₹ 500,₹ 500,Harmony Homoeo Heal,Dwarka Sector 23,Erection Problems,03:00 PM,07:00 PM,Delhi
305,305,Dr. Mrs Neeraj Gupta,Homeopathy,26.0,"BHMS, MD - Homeopathy, Certificate in Gynaecology & Obestric, Ph.D Homeopathy",₹ 500,₹ 500,Gupta Computerised Homoeopathic Clinic,Shakarpur,"Hair Loss Treatment, Hair Loss, Gynae Problems",11:00 AM,02:00 PM,Delhi
306,306,Dr. Prachi Goel,Homeopathy,15.0,"BHMS, MD, Diploma in Nutrition and Health Education (DNHE), CPY",₹ 500,₹ 300,Dr. Goel's Clinic,Delhi,"Hair Restoration, Hair Loss, Gynae ProblemsNext ",06:00 PM,08:00 PM,Delhi
307,307,Dr. Seema Bali,Homeopathy,39.0,"MD - Homeopathy, BHMS",₹ 0,₹ 100,Homeopathy Health Clinic,Patel Nagar,"Irregular Periods, Hemorrhoids, Gaining WeightNext ",10:00 AM,11:00 AM,Delhi
308,308,Dr. Nandini Sharma,Homeopathy,33.0,"BHMS, MD - Homeopathy, PhD",,₹ 300,Dr. Nandini Sharma's Clinic,New Delhi,"Irregular Periods, Black Spots on Skin, Acne/PimplesNext ",12:00 PM,03:00 PM,Delhi
309,309,Dr. Mani Sethi Sawhney,Homeopathy,35.0,BHMS,₹ 500,₹ 500,Dr. Mani's Homoeo Wellness - SBL Sponsored Clinic,Pitampura,"Increase height, Female Hair Loss, HeadachesNext ",12:00 PM,01:00 PM,Delhi
310,310,Dr. Hemant Kumar Mittal,Homeopathy,16.0,BHMS,₹ 800,₹ 500,Healing Touch Homoeopathy,Rohini,"Diabetes, Vomiting, HeadachesNext ",05:00 PM,09:00 PM,Delhi
311,311,Dr. (Prof) Ravpreet,Homeopathy,13.0,"BHMS, MD - Homeopathy",₹ 200,₹ 500,Health And You Homoeopathic Clinic,Delhi,"Acidity, Nausea, Blocked NoseNext ",06:00 PM,08:30 PM,Delhi
312,312,Dr. Rajeev Kumar,Homeopathy,30.0,"BHMS, MD- Oncology",,₹ 500,,,,11:00 AM,02:00 PM,Delhi
313,313,Dr. Sunil Kumar Dwivedi,Homeopathy,19.0,"BHMS, MD - Homeopathy",₹ 400,₹ 300,S.D Homoeopathy Multispeciality Clinic,Dwarka,,05:00 PM,09:00 PM,Delhi
314,314,Dr. A.K Gupta,Homeopathy,47.0,"MD (Homoeopathy), DHMS",₹ 700,₹ 500,AKGs OVIHAMS MEDICAL CENTER For Homoeo - Psycho Cure n Care With Wellness ( Rajouri Garden ),Rajouri Garden,,06:00 PM,08:00 PM,Delhi
315,315,Dr. Shaleen Khurana,Homeopathy,22.0,BHMS,₹ 300,₹ 300,Homeo Care Clinic,Paschim Vihar,,05:00 PM,06:30 PM,Delhi
316,316,Dr. Chhavi Bansal,Homeopathy,16.0,"Diploma in Diet and Nutrition, M.Sc - Psychology, BHMS, PG Hom (Lon)",₹ 700,₹ 600,Homeosure - Home of Homeopathy and Wellness,Raj Nagar,"Body Weakness, Difficulty Sleeping, Hair FallNext ",06:00 PM,08:00 PM,Delhi
317,317,Dr. Ranjana Gupta,Homeopathy,27.0,BHMS,₹ 500,₹ 700,Sanjeevni Homeo Clinic,Dwarka,"Irregular Periods, Weight Loss, Body WeaknessNext ",06:00 PM,08:00 PM,Delhi
318,318,Dr. Prof. Neeraj Pasricha,Homeopathy,42.0,"MD-Homeopathy, DHMS (Diploma in Homeopathic Medicine and Surgery), FCAHM",,₹ 300,Pasricha HomeoCare Clinic,Paschim Vihar,,06:30 PM,08:30 PM,Delhi
319,319,Dr. Dheeraj Wadhwa,Homeopathy,14.0,"BHMS, MD",₹ 300,₹ 300,Wadhwa Healing Touch Homoeopathic Clinics,Krishna Nagar,,11:00 AM,05:00 PM,Delhi
320,320,Dr. Mansi Arya,Homeopathy,18.0,"BHMS, C.S.D.(Skin Diseases), M.D.(Medicine), M.Sc. In Counselling & Psychotherapy",₹ 350,₹ 200,SBL Sponsored Homoeopathic Clinic (Shivalaya Wellness Centre),Malviya Nagar,"Body Weakness, Sugar, Greying Hair",12:00 PM,08:30 PM,Delhi
321,321,Dr. Bela Chaudhry,Homeopathy,36.0,"BHMS, MD - Homeopathy",,₹ 300,Dr. Bela Homeopathic Clinic,Punjabi Bagh,"Acne/Pimples, Body Weakness, Cold CoughNext ",04:00 PM,07:00 PM,Delhi
322,322,Dr. Mohit Gupta,Homeopathy,18.0,BHMS,₹ 300,₹ 300,SBL SPONSORED GUPTA HOMOEO CLINIC,Delhi,"Sinusitis, Heavy Periods, HemorrhoidsNext ",05:00 PM,09:00 PM,Delhi
323,323,Dr. Ravinder Kumar,Homeopathy,15.0,BHMS,₹ 200,₹ 200,Anand Homoeo Clinic,Dwarka,"Weight Management, Viral Fever Treatment, Hair FallNext ",09:30 AM,01:30 PM,Delhi
324,324,Dr. Suchindra Sachdeva,Homeopathy,36.0,BHMS,,₹ 200,Dr. Suchindra Sachdeva's Clinic,Sukhdev Vihar,"Constipation, Body Weakness, DiabetesNext ",10:00 AM,12:00 PM,Delhi
325,325,Dr. Jigyasa Wadhwa,Homeopathy,14.0,"BHMS, MD - Homeopathy",₹ 500,₹ 300,Wadhwa Healing Touch Homoeopathic Clinic,Krishna Nagar,,11:00 AM,02:00 PM,Delhi
326,326,Dr. Vishwajeet Singh,Homeopathy,19.0,BHMS,₹ 300,₹ 300,,,"Removal of Corns, Acidity",,,Delhi
327,327,Dr. Aditya Aggarwal,Homeopathy,14.0,"BHMS, MD - Homeopathy",₹ 500,₹ 300,Aditya Homeopathy Clinic,Patparganj,,05:00 PM,08:00 PM,Delhi
328,328,Dr. Harjot Kaur,Homeopathy,13.0,BHMS,₹ 200,₹ 180,,,"Body Weakness, Increase height, Sex Education",10:00 AM,05:00 PM,Delhi
329,329,Dr. Monika Maheshwari,Homeopathy,16.0,BHMS,₹ 500,₹ 200,Dr Monika Maheshwari,Delhi,"Foot Pain, Greying Hair, RashesNext ",04:30 PM,08:00 PM,Delhi
330,330,Dr. Jyoti Singh,Homeopathy,12.0,"BHMS, MA Psychology & Traning Counselling",₹ 900,₹ 300,Tamaria Clinic,Delhi,,10:00 AM,08:00 PM,Delhi
331,331,Dr. Sushil Bahl,Homeopathy,45.0,"DHMS, DI.HOM",₹ 250,₹ 500,Sushil Bahl Clinic,Paschim Vihar,"Weight Loss, Gaining Weight, AcidityNext ",10:00 AM,01:00 PM,Delhi
332,332,Dr. Josy Joy A,Homeopathy,26.0,BHMS,₹ 200,₹ 200,,,"Skin Care, Hair RestorationNext ",10:45 AM,07:30 PM,Delhi
333,333,Dr. Sandeep Sarao,Homeopathy,15.0,"BHMS, PG Hom (Lon)",₹ 650,₹ 400,Dr. Sarao's Homoeo CURE,Shakarpur,"Vertigo, Vertigo Treatment, Hair FallNext ",12:00 PM,03:00 PM,Delhi
334,334,Dr. Ankita Kakkar,Homeopathy,12.0,"BHMS, MA - Psychology",₹ 300,,₹ 1,999 onlineTattva Homeopathy And Skin Clinic,,02:00 PM,08:00 PM,Delhi
335,335,Dr. Saurav Arora,Homeopathy,18.0,"BHMS, MD - Homeopathy",₹ 400,,₹ 1,000 onlineArora's Homeopathic Clinic,"Glowing Skin, Acne/PimplesNext ",05:00 PM,08:00 PM,Delhi
336,336,Dr. Ashish Shanker,Homeopathy,29.0,BHMS,₹ 100,₹ 150,Shanker's Homoeopathic centre For Immunity care,West Enclave,,06:00 PM,09:30 PM,Delhi
337,337,Dr. Sanjeev K Kohli,Homeopathy,37.0,"BHMS, MD - Homeopathy",₹ 300,₹ 500,Sach Sanjivani Homoeo Clinc,Moti Nagar,,11:00 AM,01:00 PM,Delhi
338,338,Dr. Devesh Takkar,Homeopathy,16.0,BHMS,₹ 500,₹ 500,Dev Homoeopathic Clinic,Delhi,,06:00 PM,08:00 PM,Delhi
339,339,Dr. Shrey Bharal,Homeopathy,11.0,BHMS,₹ 300,₹ 250,Dr Shrey Bharal (Bharal's Homeopathy),Malviya Nagar,"Headaches, Difficulty Sleeping, Back Pain",09:30 AM,12:30 PM,Delhi
340,340,Dr. Kamal Puri,Homeopathy,28.0,MD Homeopathy,,₹ 300,,,"Acidity, Acidity TreatmentNext ",11:00 AM,01:00 PM,Delhi
341,341,Dr. Shashi Gupta,Homeopathy,25.0,"MD-Homeopathy, BHMS",₹ 400,₹ 700,Titiksha Homeo Clinic,Janakpuri,Constipation,10:00 AM,01:00 PM,Delhi
342,342,Dr. Renu Madan,Homeopathy,33.0,BHMS,,₹ 800,Homoeopathic Centre,Hauz Khas,,05:00 PM,07:00 PM,Delhi
343,343,Dr. Jaslin Kaur Oberoi,Homeopathy,13.0,MD - Homeopathy,₹ 450,₹ 300,OBEROI'S HOMOEOPATHIC CLINIC,Tilak nagar,,06:00 PM,08:00 PM,Delhi
344,344,Dr. Aastha  Pathak,Homeopathy,6.0,BHMS,₹ 500,₹ 300,,,,08:00 AM,10:30 PM,Delhi
345,345,Homoeocare Clinics,Homeopathy,,,,₹ 300,HomoeoCARE (Delhi),Green Park,,10:00 AM,08:00 PM,Delhi
346,346,Dr. Bharti Bhutani,Homeopathy,29.0,BHMS,₹ 300,₹ 500,Dr. Bharti's Homeopathic Clinic,Lajpat Nagar,,11:30 AM,02:00 PM,Delhi
347,347,Dr. Varun Kanwadia,Homeopathy,13.0,BHMS,₹ 250,₹ 250,Cure Homeopathic Clinic,Rohini,,10:30 AM,02:00 PM,Delhi
348,348,Dr. Sumit Mukerji,Homeopathy,34.0,"MD - Homeopathy, Doctor of Homeopathic Medicine (H.M.D., BHMS",,,,,"Fatigue, HeadachesNext ",05:00 PM,08:00 PM,Delhi
349,349,Dr. Geeta Arora,Homeopathy,21.0,B.H.M.S,,₹ 300,Heal With Homeopathy,Kalkaji,,10:30 AM,02:00 PM,Delhi
350,350,Dr. Pooja Anand Sharma,Psychologist,20.0,"Ph.D - Psychology, M.Sc. - Counselling and Psychotherapy, M.A - Psychology, Certificate in...read more",,,,,"Counselling and Stress Management, Behaviour and Thought Problems, Adult CounsellingNext ",11:30 AM,06:00 PM,Delhi
351,351,Dr. Vikas Khanna,Psychologist,24.0,"BDS, Certification In Hypnotherapy, Certification In N.L.P, Certification In Gene & Behavi...read more",,₹ 400,Dr. Vikas Khanna's Counseling & Hypnotherapy Clinic - Rajouri Garden,Rajouri Garden,"Depression, Depression, Anxiety",09:30 AM,05:30 PM,Delhi
352,352,Dr. Nisha Khanna,Psychologist,24.0,Ph. D - Psychology,,,,,"Depression, Smoking, Anger Management",11:00 AM,07:00 PM,Delhi
353,353,"Dr. Sajeela Maini (Quit Smoking, De-addiction & Mental Health Expert)",Psychologist,30.0,"PhD - Health Psychology, MBA (HR)",,,,,,02:00 PM,04:00 PM,Delhi
354,354,Dr. Arti Anand,Psychologist,30.0,"M.Phil - Psychology, PhD Psychology , MA Psychology & Traning Counselling",,₹ 500,East West Medical Centre,Golf Link,Behaviour and Thought ProblemsNext ,02:00 PM,04:00 PM,Delhi
355,355,Dr. Aradhana Sharma,Psychologist,33.0,"B.A. Psychology, M.A. Psychology, Ph. D - Psychology",,₹ 700,Anubhuti Clinic,Pitampura,"Depression, Mood Disorder Treatment, Stress TreatmentNext ",11:00 AM,04:30 PM,Delhi
356,356,Ms. Rachna Mishra,Psychologist,12.0,"M.A.(H)Psychology, PG Diploma in Child Guidance and Family Therapy",,₹ 600,,,"Anger Management, Abnormal Behavior, Abnormal Behavior Treatment",,,Delhi
357,357,Dr. G B Singh,Psychologist,33.0,"Consultant Dyslexia, Autism & Child Psychologist. Consultant Clinical & Mental Health Psyc...read more",,,,,"Dyslexia, Behaviour and Thought Problems, Counselling and Stress ManagementNext ",10:00 AM,06:00 PM,Delhi
358,358,Dr. (Prof) R K Suri,Psychologist,40.0,"Ph.D - Psychology, PGD in Sexual & Reproductive Counselling, M PHIL (Clinical Psychology),...read more",,,,,"Behaviour and Thought Problems, Anger Management, AnxietyNext ",02:00 PM,06:00 PM,Delhi
359,359,Ms. Shivani Misri Sadhoo,Psychologist,24.0,Post graduate in counselling psychology,,,,,Sex Addiction Counselling,08:00 AM,12:30 PM,Delhi
360,360,Dr. Prabhjeet Singh Narula,Psychologist,11.0,"Doctor of Philosophy (PhD), MA - Psychology, Diploma In Psychology & Counseling",,,,,,03:30 PM,07:30 PM,Delhi
361,361,Dr. Anu Gehlot,Psychologist,12.0,"M.Phil - Psychology, Masters In Psychology, BA- Psychology",,₹ 600,Monga Medical Centre,Krishna Nagar,,10:30 AM,02:00 PM,Delhi
362,362,Dr. Upasana Chaddha Vij,Psychologist,14.0,"MA - Psychology, PhD Psychology",,₹ 300,Mindscape Centre for Counselling & Psychological Well-Being,Malviya Nagar,,10:30 AM,02:00 PM,Delhi
363,363,Ms. Tanya Jawa,Psychologist,12.0,"M.Phil Clinical Psychology, M.A.(H)Psychology, B.A.(H)Psychology",₹ 800,₹ 350,Max Super Speciality Hospital,Vaishali,,10:00 AM,07:00 PM,Delhi
364,364,Dr. Bhavna Barmi,Psychologist,27.0,"M.Phil - Clinical Psychology, PhD - Psychiatry",,₹ 350,PsyCare,Jasola,,10:00 AM,07:00 PM,Delhi
365,365,Dr. Kriti Vyas,Psychologist,16.0,"PhD - Psychology, Advanced Diploma Child Guidance & Counselling, M.Sc Applied Psychology, ...read more",₹ 500,₹ 350,Innocent Steps,Delhi,"Counselling and Stress Management, Abnormal Behavior, Behaviour and Thought ProblemsNext ",11:00 AM,02:00 PM,Delhi
366,366,Ms. Jagriti Sharma,Psychologist,15.0,"M.Phil - Psychology, Post Graduate Diploma In Rehabilitation Psychology, Advanced Certific...read more",,,,,"Adult Counselling, Obsessive Compulsive Disorder TreatmentNext ",11:00 AM,02:00 PM,Delhi
367,367,Dr. Priti Srivastava,Psychologist,36.0,"PGDCA, BA-Psychology, MA-Psychology, Phd Understanding Mental Retardation",,₹ 600,Genesis Neurogen,Karkardooma,,01:00 PM,07:00 PM,Delhi
368,368,Dr. Sunil Kumar Sharma,Psychologist,30.0,"M.F.Hom., MBBS, MS - Counselling and Psychotherapy",,₹ 500,Ethos Healthcare Multi Speciality Holistic Health Clinic,Green Park,,10:00 AM,01:00 PM,Delhi
369,369,Dr. Sarika Boora,Psychologist,17.0,"Psychology, PhD - Neuropsychology, PGDGC, PGDRP",,,,,,02:00 PM,06:00 PM,Delhi
370,370,Dr. Owais Akram Farooqui,Psychologist,22.0,"PGDCP, M.Phil - Clinical Psychology, PhD",,,,,,02:30 PM,05:30 PM,Delhi
371,371,Dr. R.Manoj Raghavan,Psychologist,26.0,"M.Phil clinical Psychology, MS Psychotherapy and Counseling, PGDGC, MSc Psychology",,,,,"Adult Counselling, Abnormal Behavior, Sex Addiction Counselling",04:00 PM,09:00 PM,Delhi
372,372,Dr. Rajpal Kaushik,Psychologist,20.0,"PGDRP, MPhil, PGDGC",₹ 700,₹ 500,Nobel Medicare centre,Janakpuri,"Depression, Anger Management, Anxiety and DepressionNext ",04:00 PM,07:00 PM,Delhi
373,373,Dr. Deepali Batra,Psychologist,21.0,"M.Phil - Clinical Psychology, M.A.- Clinical Psychology",,,,,"Sex Addiction Counselling, Depression, Stress Treatment",11:00 AM,08:00 PM,Delhi
374,374,Dr. Meeta Sharma,Psychologist,15.0,"M.Sc- Psychology, Masters In Clinical Psychology, M.Sc Counselling Psychology",,,,,,01:45 PM,07:00 PM,Delhi
375,375,Ms. Astha Nagpal,Psychologist,10.0,M.Phil - Psychology,₹ 200,,₹ 1,200 onlineDaffodils - Centre for Counseling and Psychotherapy,,05:00 PM,06:00 PM,Delhi
376,376,Ms. Mala Vohra Khanna,Psychologist,9.0,M.Phil In Clinic Psychology,₹ 800,₹ 300,Raj Psychological Services,Shahdara,,10:00 AM,08:00 PM,Delhi
377,377,Dr. Girija Sharma,Psychologist,13.0,"MA - Psychology, M.Phil - Psychology",,₹ 350,Spadent Hospital,New Delhi,,11:00 AM,06:00 PM,Delhi
378,378,Ms. Monica Sharma,Psychologist,13.0,"M.Sc - Applied Psychology, Post Graduate Diploma In Guidance and Couselling, PGD in Rehabi...read more",,₹ 400,Phonix Intervention Centre,Rohini,,02:00 PM,09:00 PM,Delhi
379,379,Dr. A.K. Srivastava,Psychologist,17.0,PG sciences Delhi,,₹ 900,,,,09:00 AM,07:00 PM,Delhi
380,380,Dr. Priya Jha,Psychologist,40.0,"PG Diploma In Clinical Training, Psychology, MA - Psychology, BA - Psychology",,₹ 300,Lifecare Clinic,Greater Kailash,"Anxiety, Depression, Counselling and Stress ManagementNext ",05:30 PM,07:30 PM,Delhi
381,381,Mr. Bharat Sehrawat,Psychologist,5.0,"MA Psychology, PGDCFT, PGDRP",,₹ 400,Healing Mind Clinic,Dwarka Sector 7,,11:00 AM,07:00 PM,Delhi
382,382,Dr. Taruna Wadhwa Chawla,Psychologist,13.0,"MA - Psychology, PhD - Psychology",,₹ 350,PsyCare,Jasola,,04:00 PM,06:00 PM,Delhi
383,383,Dr. Puneet Jain,Psychologist,28.0,MA Psychology,,,,,,10:30 AM,06:00 PM,Delhi
384,384,Mrs. Neha Gupta,Psychologist,18.0,,,₹ 300,Lok Clinic,Janakpuri,,05:00 PM,07:00 PM,Delhi
385,385,Dr. Lovleen Kaur,Psychologist,18.0,"M PHIL (Clinical Psychology), PhD Psychology",,,,,,09:30 AM,11:30 AM,Delhi
386,386,Ms. Tulika Chandra,Psychologist,24.0,"Advanced Diploma Child Guidance & Counselling, M.Sc - Psychology, BA(Hons.) Applied Psycho...read more",,,,,,03:00 PM,06:45 PM,Delhi
387,387,Ms. Jyoti Shukla,Psychologist,7.0,"post graduate Diploma - Guidance & Councelling, MS Psychology",,₹ 700,Center For Counseling,Delhi,,09:00 AM,09:30 PM,Delhi
388,388,Dr. Ashita Mahendru,Psychologist,,,,,,,,02:00 PM,08:00 PM,Delhi
389,389,Dr. Shruti Jain,Psychologist,27.0,"Phd - Psychology, MA- Psychology, BA Hons.Psychology",,₹ 350,Life Coach Dr. Shruti Jain Clinic,Ashok Vihar,,05:00 PM,08:00 PM,Delhi
390,390,Mrs. Urvashi Bisht,Psychologist,8.0,"MA in Applied Psychology - Specialisation in  Clinical Psychology, BA (Honours) - Psychology",,₹ 900,TrueBlueCompanion,Delhi,,06:00 PM,10:00 PM,Delhi
391,391,Ms. Vidhi Sethi,Psychologist,10.0,"Masters in Psychology - Clinical and Abnormal, Psychology",,₹ 500,Healing and Relieve,Sector-31,,11:00 AM,05:00 PM,Delhi
392,392,Mrs. Sarita Shukla,Psychologist,24.0,"Mphil In Psychology, Diploma In Child Guidance & Counselling, MSc - Applied Psychology, Bs...read more",,₹ 300,Spring and Summer Counselling,Delhi Cantoment,,08:00 AM,02:00 PM,Delhi
393,393,Ms. Neelam Mishra,Psychologist,12.0,"Post Graduate in Rehabilitation Psychology, MA Clinical Psychology, BA Applied Psychology",,,,,,11:00 AM,04:00 PM,Delhi
394,394,Dr. Nikita Virlley,Psychologist,8.0,M.Sc - Clinical Psychology,,₹ 350,PsyCare,Jasola,,12:00 PM,07:00 PM,Delhi
395,395,Dr. S K Sharma,Psychologist,,,,₹ 500,Dr Sunil Sharma Clinic,Green Park,,10:00 AM,01:00 PM,Delhi
396,396,Mrs. Sampada Kathuria,Psychologist,10.0,"MS - Counselling & Psychotherapy, BA - Psychology, MA - Counseling & Psychology",,₹ 300,Decode Living,Rohini East,,03:00 PM,08:00 PM,Delhi
397,397,Dr. Jyoti Chadha,Psychologist,34.0,"M.Phil - Psychology, PhD PSYCHOLOGY",,₹ 350,Dr Jyoti Chadha,New Delhi,,11:00 AM,01:00 PM,Delhi
398,398,Dr. Naresh Mishra,Psychologist,30.0,MA - Psychology,,₹ 300,Santulan Clinic,Delhi,,09:00 AM,02:00 PM,Delhi
399,399,Dr. Yps,Psychologist,,,,,,,,06:00 PM,10:30 PM,Delhi
400,400,Dr. G S Lavekar,Ayurveda,49.0,"Ph.D - Ayurveda, MD - Ayurveda",₹ 500,₹ 300,Lavekar Clinic,Dwarka,Acne Scars,10:00 AM,07:30 PM,Delhi
401,401,Dr. Vijay Abbot,Ayurveda,50.0,Graduate in Ayurvedic Medicine and Surgery ( GAMS ),₹ 50,₹ 50,Hakim Hari Kishan Lal Clinic,Patel Nagar,"Sex Education, Masturbation Addiction, Premature Ejaculation",12:00 PM,04:00 PM,Delhi
402,402,Hakim Hari Kishan Lal Clinic,Ayurveda,50.0,Sexual Health Clinic,₹ 50,₹ 50,Hakim Hari Kishan Lal  Clinic,Patel Nagar,"Male Sexual Problems, Sex Education, Erectile Dysfunction",12:00 PM,04:00 PM,Delhi
403,403,Dr. Jyoti Monga,Ayurveda,24.0,BAMS,₹ 800,₹ 300,Dr. Monga Medi Clinic - Lajpat Nagar,Lajpat Nagar,"Sexually Transmitted Disease (STD) Treatment, Body Weakness, DiabetesNext ",10:00 AM,08:00 PM,Delhi
404,404,Dr. Sandeep Madaan,Ayurveda,21.0,MD - Ayurveda,₹ 300,₹ 300,Aastha Ayurveda Clinic,Rohini,"Sex Education, Diabetes, Female Hair LossNext ",06:00 PM,09:00 PM,Delhi
405,405,Dr. Ashish Sharma,Ayurveda,18.0,"M.Sc - Psychology, PGDEMS, Bachelor of Ayurveda, Medicine and Surgery (BAMS)",₹ 500,₹ 400,The Arogyam Ayurveda,Paschim Vihar,,10:00 AM,06:30 PM,Delhi
406,406,Dr. Sunny Chopra Orthopaedics Gold Medalist,Ayurveda,14.0,"MS - Orthopaedics, MNAMS (Membership of the National Academy) (General Surgery) , DNB (Ort...read more",₹ 500,₹ 400,Dr. Chopras Spine Joint Solutions India,Moti Nagar,,05:30 PM,08:30 PM,Delhi
407,407,Dr. Mahesh Shah,Ayurveda,55.0,"Bachelor of Ayurveda, Medicine and Surgery (BAMS)",₹ 50,₹ 50,Hakim Hari Kishan Lal  Clinic,Patel Nagar,"Sex Education, Premature Ejaculation, Masturbation Addiction",12:00 PM,04:00 PM,Delhi
408,408,Dr. Jiva Ayurveda,Ayurveda,26.0,BAMS,₹ 299,,,,"Acne Treatment, Hair Loss, Flu",10:00 AM,08:00 PM,Delhi
409,409,Dr. Namadhar Sharma,Ayurveda,40.0,"BAMS, MD - Ayurveda",₹ 200,₹ 600,Prem Adhar Research Institute And Hospital,Rohini,,11:00 AM,02:00 PM,Delhi
410,410,Dr. Rohit Goel,Ayurveda,15.0,"Bachelor of Ayurveda, Medicine and Surgery (BAMS)",₹ 500,₹ 500,Ayur skin clinic,Shahdara,"Acne/Pimples, Acne Scars, Oily Skin",10:00 AM,01:30 PM,Delhi
411,411,Dr. Sandeep Madaan,Ayurveda,21.0,MD - Ayurveda,₹ 300,₹ 300,Aastha Ayurveda Clinic,Rohini,"Sex Education, Diabetes, Female Hair LossNext ",06:00 PM,09:00 PM,Delhi
412,412,Dr. Namadhar Sharma,Ayurveda,40.0,"BAMS, MD - Ayurveda",₹ 200,₹ 600,Prem Adhar Research Institute And Hospital,Rohini,,11:00 AM,02:00 PM,Delhi
413,413,Dr. Sutopa Banerjee,Ayurveda,27.0,"DNB (Obstetrics and Gynecology), DGO , MBBS",,,,,"Delivery, Gynae Problems, Laparoscopic Surgery (Obs  Gyn)Next ",05:00 PM,08:00 PM,Delhi
414,414,Dr. (Prof.) R. K. Tuli,Ayurveda,54.0,"M.B.,B.S., Post-Graduate (Aviation, Sports & Internal Medicine), PhD - Holistic Medicine, ...read more",,₹ 300,SOHAM - The Clinic for Holistic Medicare & Cure,Delhi,,05:00 PM,07:30 PM,Delhi
415,415,Dt. Ritika Dua,Ayurveda,24.0,"BSc-Diet & Nutrition, M.Sc-Diet & Nutrition",,,,,,09:00 AM,09:00 PM,Delhi
416,416,Dr. Kanu Rajput,Ayurveda,11.0,"Bachelor of Ayurveda, Medicine and Surgery (BAMS), Diploma in Diet and Nutrition - CIBTAC,...read more",,,,,,11:00 AM,02:00 PM,Delhi
417,417,Monga Medi Clinic,Ayurveda,24.0,"Bachelor of Ayurveda, Medicine and Surgery (BAMS)",₹ 800,₹ 300,Dr Monga Medi Clinic - Lajpat Nagar,Lajpat Nagar,,09:30 AM,08:30 PM,Delhi
418,418,Dr. Manu Rajput,Ayurveda,14.0,"Diploma in Body Therapy, England, PG Diploma in Skin Treatments, England, BAMS, Certified ...read more",,,,,"Acne/Pimples, Hair Loss, Acne Scars",11:00 AM,02:00 PM,Delhi
419,419,Dr. Rakesh Agarwal,Ayurveda,43.0,Bachelor of Ayurvedic Medicine & Surgery (B.A.M.S),₹ 500,₹ 300,,,,07:00 AM,07:00 AM,Delhi
420,420,Monga Medi Clinic,Ayurveda,24.0,"Bachelor of Ayurveda, Medicine and Surgery (BAMS)",₹ 800,₹ 300,Dr Monga Medi Clinic - Lajpat Nagar,Lajpat Nagar,,09:30 AM,08:30 PM,Delhi
421,421,Dr. Manu Rajput,Ayurveda,14.0,"Diploma in Body Therapy, England, PG Diploma in Skin Treatments, England, BAMS, Certified ...read more",,,,,"Acne/Pimples, Hair Loss, Acne Scars",11:00 AM,02:00 PM,Delhi
422,422,Dr. Adarsh Kumar,Ayurveda,19.0,"Bachelor of Ayurveda, Medicine and Surgery (BAMS)",₹ 300,₹ 350,NAVAYUSHYA PANCHAKARMA CENTRE,Kalkaji,Acne Scars,,,Delhi
423,423,Dr. Anurag Gupta,Ayurveda,17.0,"M.S.(Ayu. Med. Plants), Bachelor of Ayurveda, Medicine & Surgery (BAMS), Certificate In An...read more",₹ 500,₹ 800,Ayurveda - Panchakarma Clinic,Dilshad Garden,Panchakarma,11:00 AM,01:00 PM,Delhi
424,424,Dr. Ashish  Sharma,Ayurveda,18.0,"Bachelor of Ayurveda, Medicine and Surgery (BAMS)",₹ 500,₹ 500,Arogyam Ayurveda,Paschim Vihar,,09:00 AM,07:00 PM,Delhi
425,425,Dr. D.S . Rathi,Ayurveda,45.0,"Bachelor of Ayurveda, Medicine and Surgery (BAMS)",₹ 500,₹ 300,Deepak Ayurvedic Centre,Shahdara,Weight Management,11:00 AM,02:00 PM,Delhi
426,426,Dr. Ashutosh Sharma,Ayurveda,21.0,"Bachelor of Ayurveda, Medicine and Surgery (BAMS)",₹ 200,₹ 350,Shiv Shakti Chikitsalaya,Karol Bagh,,04:00 PM,08:00 PM,Delhi
427,427,Dr. Aditi Shrivastav,Ayurveda,12.0,"BAMS, PGDCA, Advance Certification In Nadi Parikisha",₹ 500,₹ 300,Shri Ram Ayurvedalya,Dwarka Sector 7,,10:00 AM,02:30 PM,Delhi
428,428,Dr. Shailesh Jain,Ayurveda,24.0,"Bachelor of Ayurveda, Medicine & Surgery (BAMS), MS-Ayurveda",₹ 300,,₹ 1,000 onlineDr Shailesh Jain's Clinic,,09:00 AM,11:30 AM,Delhi
429,429,Dr. Vinayak Abbot Abbot,Ayurveda,9.0,"Diploma In Naturopathy, M.D. Alternative Medicine, Bachelor of Ayurveda, Medicine and Surg...read more",₹ 300,,₹ 1,800 onlineJaddi Dawakhana - New Delhi,"Sex Education, Premature Ejaculation, Masturbation AddictionNext ",10:00 AM,07:00 PM,Delhi
430,430,Dr. R N Biswas,Ayurveda,10.0,"BAMS, Certificate Course In Kshar-Sutra Surgery",₹ 700,₹ 200,SUSHRUTA CLINIC,Delhi,,10:00 AM,02:00 PM,Delhi
431,431,Dr. D.S . Rathi,Ayurveda,45.0,"Bachelor of Ayurveda, Medicine and Surgery (BAMS)",₹ 500,₹ 300,Deepak Ayurvedic Centre,Shahdara,Weight Management,11:00 AM,02:00 PM,Delhi
432,432,Dr. Ashutosh Sharma,Ayurveda,21.0,"Bachelor of Ayurveda, Medicine and Surgery (BAMS)",₹ 200,₹ 350,Shiv Shakti Chikitsalaya,Karol Bagh,,04:00 PM,08:00 PM,Delhi
433,433,Dr. Ashish  Sharma,Ayurveda,18.0,"Bachelor of Ayurveda, Medicine and Surgery (BAMS)",₹ 500,₹ 500,Arogyam Ayurveda,Paschim Vihar,,09:00 AM,07:00 PM,Delhi
434,434,Dr. Sudha Asokan,Ayurveda,46.0,"BAMS, MD - Ayurveda",,,,,"Breast Cancer, Panchakarma, CancerNext ",11:30 AM,01:30 PM,Delhi
435,435,Dr. Ankur Kumar,Ayurveda,14.0,"B.A.M.S, Diploma In Nutrition & Health Education (DNHE, PG Diploma In Hospital Managment",₹ 500,₹ 450,Ayurvedic Herbal Health Care Center,Naraina,"Sex Education, Masturbation Addiction, Small Penis SizeNext ",10:00 AM,08:00 PM,Delhi
436,436,Usma Ayurvedic Clinic,Ayurveda,41.0,"Bachelor of Ayurveda, Medicine and Surgery (BAMS)",₹ 500,₹ 300,Usma Ayurvedic Clinic,Laxmi Nagar,,09:00 AM,08:00 PM,Delhi
437,437,Dr. Vaidic Chikitsa,Ayurveda,47.0,"Bachelor of Ayurveda, Medicine and Surgery (BAMS)",₹ 300,₹ 200,Vaidic Chikitsa,Delhi,"Sex Education, Weight Loss, Hair LossNext ",10:00 AM,06:00 PM,Delhi
438,438,Dr. Sajna Ali,Ayurveda,13.0,"Bachelor of Ayurveda, Medicine and Surgery (BAMS), MD - General Medicine",₹ 250,₹ 300,,,"Trying to Conceive, Heart Pain During Exercise, Bipolar Disorder",10:00 AM,07:00 PM,Delhi
439,439,Dr. Mamta Kumari,Ayurveda,14.0,"Bachelor of Ayurveda, Medicine and Surgery (BAMS), MD- Ayurveda",₹ 500,₹ 300,Jyoti Memorial Jain Hospital,Najafgarh,,11:00 AM,02:00 PM,Delhi
440,440,Dr. Deepak Rathi,Ayurveda,15.0,"BAMS, Advanced Training in Kshar Sutra Therapy, Post Graduate Diploma in Kshar Sutra Treatment",₹ 500,₹ 200,Deepak Ayurvedic Centre,Shahdara,,10:00 AM,02:00 PM,Delhi
441,441,Dr. Mamta Kumari,Ayurveda,14.0,"Bachelor of Ayurveda, Medicine and Surgery (BAMS), MD- Ayurveda",₹ 500,₹ 300,Jyoti Memorial Jain Hospital,Najafgarh,,11:00 AM,02:00 PM,Delhi
442,442,Usma Ayurvedic Clinic,Ayurveda,41.0,"Bachelor of Ayurveda, Medicine and Surgery (BAMS)",₹ 500,₹ 300,Usma Ayurvedic Clinic,Laxmi Nagar,,09:00 AM,08:00 PM,Delhi
443,443,Dr. Vaidic Chikitsa,Ayurveda,47.0,"Bachelor of Ayurveda, Medicine and Surgery (BAMS)",₹ 300,₹ 200,Vaidic Chikitsa,Delhi,"Sex Education, Weight Loss, Hair LossNext ",10:00 AM,06:00 PM,Delhi
444,444,Dr. Lovekush Singh,Ayurveda,10.0,"B. Ph (Ayu.), Clinical research and pharmacovigilance, Fellowship in Clinical Research, MB...read more",,,,,,09:30 AM,01:30 PM,Delhi
445,445,Dr. Chanchal Sharma,Ayurveda,13.0,"Bachelor of Ayurveda, Medicine and Surgery (BAMS), DGO, MD - AM, D-Certificate Course In P...read more",₹ 500,,₹ 3,500 onlineAasha Ayurveda,,10:00 AM,06:00 PM,Delhi
446,446,Dr. Ramesh Rai,Ayurveda,53.0,Graduate of Ayurvedic Medicine and Surgery (GAMS),₹ 500,₹ 300,,,"Balance Exercises, Kshar Sutra, Skin Treatment",12:00 PM,06:00 PM,Delhi
447,447,Dr. Meeta Sharma,Ayurveda,15.0,"M.Sc- Psychology, Masters In Clinical Psychology, M.Sc Counselling Psychology",,,,,,01:45 PM,07:00 PM,Delhi
448,448,Dr. Preeti Chhabra,Ayurveda,32.0,BAMS,,,,,,04:00 PM,06:00 PM,Delhi
449,449,Dr. Navayushya Panchakarma Centre Kalkaji,Ayurveda,14.0,"Bachelor of Ayurveda, Medicine and Surgery (BAMS), C.R.A.V",₹ 300,₹ 300,Navayushya Panchakarma Centre,Kalkaji,,11:00 AM,07:00 PM,Delhi
