,Name,Specialization,Experience (in years),Education,Fee at clinic,Online Fee,Clinic Name,Area,Recently Consulted for,Available From,Available Till,City
0,Dr. Premendra Goyal,Dentist,33,BDS,₹ 200,₹ 300,Dr. Goyal's Dental Care,Malad East,"Root canal, Bad Breath, Oral ThrushNext ",06:00 PM,09:00 PM,Mumbai
1,Dr. Vidisha Tayade,Dentist,14,"MDS Prosthodontics, BDS",₹ 500,₹ 150,Vista Dental Care,Mulund,,05:30 PM,08:30 PM,Mumbai
2,Dr. Rohan Patel,Dentist,15,BDS,₹ 0,₹ 200,Pure Dentals,Ghatkopar West,"Orthodontics, Dental Cleaning , Lingual Orthodontics",05:30 PM,10:00 PM,Mumbai
3,Dr. Reshma Mehta,Dentist,28,BDS,,₹ 200,Family Dental Care Clinic,Goregaon West,,09:30 AM,01:30 PM,Mumbai
4,Dr. Pritesh B. Shetty,Dentist,24,BDS,₹ 300,,Uma Dental Clinic,S V Road,,05:00 PM,09:00 PM,Mumbai
5,Dr. Sanjeet Utekar,Dentist,16,BDS,₹ 200,₹ 100,All Smiles Dental Clinic,Shivaji Nagar,,05:00 PM,09:00 PM,Mumbai
6,Dr. Gaurav Shah,Dentist,14,"Certified Implantologist, BDS",₹ 500,₹ 200,Dental Hub,Mumbai,"Orthodontics, Lingual OrthodonticsNext ",09:30 AM,01:30 PM,Mumbai
7,Dr. Rohit Karnik,Dentist,21,"BDS, MDS - Periodontics",₹ 500,,₹ 1,000 onlineKarnik Dental Clinic,,09:30 AM,09:00 PM,Mumbai
8,Dr. M.M / Zmrajani,Dentist,16,"M.D , B.D.S , FWCEF , FWCEF ,  F.A.G.E., BDS, Universidade de Hong Kong, Hong Kong, Certif...read more",₹ 50,,₹ 4,000 onlineSt.Mother Teresa Dental Hospital,Root canalNext ,10:00 AM,09:00 PM,Mumbai
9,Dr. Sahasrabudhe Parikshit,Dentist,15,BDS,₹ 100,₹ 200,Perfect Smile Dental Care Centre,Mulund East,,05:00 PM,09:00 PM,Mumbai
10,Dr. Kunal Mehta,Dentist,14,"BDS, PG diploma In Smile Designing and Esthectics",₹ 100,₹ 300,Dr. Mehta's DentoKraft,Mumbai,"Implants, Correction Of Gummy Smile, Dental Implants",11:00 AM,07:00 PM,Mumbai
11,Dr. Hrishikesh Parikh,Dentist,44,,,,,,,10:00 AM,12:00 PM,Mumbai
12,Dr. Diksha Tahilramani Batra,Dentist,17,"BDS, FICOI, MDS",,₹ 250,Dr Diksha Batra - The Painfree Dentist,Khar West,"Bad Breath, Stained Teeth, Painful TeethingNext ",10:30 AM,08:00 PM,Mumbai
13,Dr. Dhaval Shah,Dentist,14,BDS,₹ 100,₹ 499,Dr. Dhaval Shah's Dental Clinic,Kandivali,Root canal,05:30 PM,09:30 PM,Mumbai
14,Dr. Saurabh Gogri,Dentist,13,BDS,₹ 100,₹ 200,Smile Stone Dental Clinic,Dadar East,"Root canal, Bad BreathNext ",10:00 AM,01:00 PM,Mumbai
15,Dr. Pravin D Patel,Dentist,24,BDS,₹ 200,₹ 100,Patel Dental Care & Implant Centre,Lokhandwala,,10:00 AM,02:00 PM,Mumbai
16,Dr. Deven Dabholkar,Dentist,14,BDS,₹ 100,₹ 300,Dr. Deven's Dentocare,Borivali West,,05:30 PM,09:30 PM,Mumbai
17,Dr. Farhat Khan,Dentist,16,Certified Implantologist,₹ 100,₹ 100,dr shoeb khans dental clinic,Kurla West,,10:30 AM,02:30 PM,Mumbai
18,Dr. Hardik Shah,Dentist,18,Certified Implantologist,₹ 500,,Smile Sensations,Andheri East,,05:00 PM,09:00 PM,Mumbai
19,Dr. Sneha Mhatre,Dentist,13,MDS - Orthodontics,₹ 200,₹ 500,Karbelkar's Dental Clinic - Orthodontic and Pedodontic Centre,Goregaon West,,05:00 PM,09:00 PM,Mumbai
20,Dr. Farah Manasawala,Dentist,19,BDS,₹ 300,₹ 300,DENTIQUE DENTAL CLINIC[DR.FARAH MANASAWALA],Agripada,,05:00 PM,08:00 PM,Mumbai
21,Dr. Ajinkya Raut,Dentist,17,BDS,₹ 200,,Dazzle Dental,Link Road,"Toothache, Root canalNext ",10:00 AM,01:30 PM,Mumbai
22,Dr. Deepali Bhanushali,Dentist,18,BDS,₹ 0,₹ 100,Evershine Dental,Ghatkopar East,,05:00 PM,09:00 PM,Mumbai
23,Dr. Pankaj Rathod,Dentist,18,BDS,₹ 100,,HAPPY SMILES MEDICAL CENTER,Bhayandar West,,05:30 PM,09:30 PM,Mumbai
24,Dr. Aasav Shah,Dentist,15,BDS,₹ 100,₹ 200,Jainam Dental Clinic,Dr. Aasav Shah,Root canalNext ,09:30 AM,02:00 PM,Mumbai
25,Dr. Rekha Chadha Bhasin,Dentist,34,MDS Endodontist,₹ 500,₹ 300,My Lovely Smile,Colaba,,10:00 AM,06:30 PM,Mumbai
26,Dr. Amaey Parekh,Dentist,16,"BDS, MDS Prosthodontics",₹ 100,₹ 300,3A Dental Clinic,Mumbai,Teeth CleaningNext ,09:00 AM,07:30 PM,Mumbai
27,Dr. Prateek M. Shah,Dentist,14,BDS,₹ 200,,Total Dental Care,Ghatkopar,,09:00 AM,09:00 PM,Mumbai
28,Dr. Sumedh Hosing,Dentist,25,"MDS - Orthodontics, BDS",₹ 200,₹ 300,Dr.Hosing Orthodontic Clinic,Dombivali,,04:00 PM,09:00 PM,Mumbai
29,Dr. Ashni Choksey Mehta,Dentist,14,BDS,,,,,,10:00 AM,08:00 PM,Mumbai
30,Dr. Bhavin Sutaria,Dentist,15,BDS,₹ 200,₹ 100,Maruti Dental Care,Vasai West,Teeth WhiteningNext ,05:00 PM,08:30 PM,Mumbai
31,Dr. Amit Gupta,Dentist,18,MDS - Oral & Maxillofacial Surgery,₹ 500,,SMILE CARE DENTAL &IMPLANT CENTRE,Kandivali,,09:30 AM,09:30 PM,Mumbai
32,Dr. Vaishali Katke,Dentist,12,MDS,₹ 200,₹ 100,V Smile Dental Clinic,Oshiwara,"Invisalign, Fillings, Dental Fillings",10:00 AM,01:30 PM,Mumbai
33,Dr. Harshil Shah,Dentist,11,BDS,₹ 300,,dr.harshil shah's Smile dent,Borivali West,,09:00 AM,01:00 PM,Mumbai
34,Dr. Ria Gerela,Dentist,24,"BDS, MDS",₹ 500,,Good Health Clinic,Navghar Road,,11:00 AM,01:00 PM,Mumbai
35,Dr. Vidhi Joshi,Dentist,13,"Bachelor of Dental Surgery, Post Graduate Diploma in Healthcare Management (P.G.D.H.M)",₹ 300,,V.I.P Dental Clinic,Goregaon,,05:00 PM,08:00 PM,Mumbai
36,Dr. Kavita Kamraj B.,Dentist,15,"MS Restorative & Aesthetic Dentistry, Cert. FMR, BDS",₹ 600,₹ 300,Dental Solutions by Dr. Kavita Kamraj,Powai,"Stained Teeth, Root canal, Painful Teething",10:00 AM,02:00 PM,Mumbai
37,Dr. Mithun Sanil,Dentist,17,BDS,₹ 100,₹ 100,Dr Mithun Sanil's Dental Clinic,Sarvodaya Nagar,,10:00 AM,02:00 PM,Mumbai
38,Dr. Harsh Shah,Dentist,12,BDS,₹ 500,,Dental Planet,Kandivali,,05:00 PM,09:00 PM,Mumbai
39,Dr. Neesu Kumbhat,Dentist,17,"MDS - Orthodontics, BDS",₹ 200,₹ 50,Smile Stylist Orthodontic & Dental Care Centre,Jawahar Nagar,,05:00 PM,09:00 PM,Mumbai
40,Dr. Mahesh Jagwani,Dentist,14,BDS,₹ 250,,Dr. Jagwani's Dental Studio,Andheri West,,05:30 PM,09:00 PM,Mumbai
41,Dr. Nikhil Surana,Dentist,14,MDS - Orthodontics,₹ 300,₹ 300,Bright 32 Dental Care & Orthodontic Centre,Kandivali East,,10:00 AM,01:30 PM,Mumbai
42,Dr. Shiv Chadda,Dentist,29,"Post Graduate Cert in Microdentistry, Certified Implantologist, BDS",₹ 500,,Smile Dental Care,Pali,,10:00 AM,02:00 PM,Mumbai
43,Dr. Shraddha Khedkar,Dentist,19,DENTAL SURGEON,₹ 300,,Dr. Shraddha's Dental Clinic,Bhandup West,,06:00 PM,08:30 PM,Mumbai
44,Dr. Amit Majethia,Dentist,13,"BDS, MDS - Orthodontics",₹ 500,₹ 100,Forever Smiles,Ghatkopar,,05:00 PM,09:00 PM,Mumbai
45,Dr. Amruta Bhalchandra Wadekar,Dentist,29,"Certified Implantologist, BDS",₹ 300,₹ 500,Multi Speciality Dental Office & Centre for Dental Implants,Dahisar,,07:00 PM,08:30 PM,Mumbai
46,Dr. Deval N Mehta,Dentist,15,BDS,₹ 0,₹ 100,La' dent Dental Care Centre,Link Road,,09:30 AM,09:30 PM,Mumbai
47,Dr. Mangesh Shastri,Dentist,25,MDS - Orthodontics,₹ 200,₹ 100,Dental Art Orthodontic And Implant Centre,Ghatkopar West,,02:00 PM,04:00 PM,Mumbai
48,Dr. Amit Chavan,Dentist,16,"MDS - Periodontology and Oral Implantology, BDS",₹ 200,₹ 200,SMILE AGAIN DENTAL CLINIC,Dadar East,"Bad Breath, Painful Teething, Bleeding Gums",10:00 AM,02:00 PM,Mumbai
49,Dr. Krinita Motwani,Dentist,22,"Advanced Aesthetics, BDS",,₹ 500,Dr. Krinita Motwani's Dental Clinic,Khar West,,09:00 AM,06:00 PM,Mumbai
50,Dr. Sanjay Fernandes,Dermatologist,34,"MD - Dermatology, DNB (Dermatology), DDV",,,,,,07:30 PM,09:00 PM,Mumbai
51,Dr. Jeetendra Khatuja,Dermatologist,16,"DNB (Dermatology), Fellowship in Dermatological Laser Surgery, Fellowship In Cosmetic Derm...read more",,,,,"Cryotherapy, Pimples Treatment, Acne / Pimples TreatmentNext ",10:30 AM,05:30 PM,Mumbai
52,Dr. Rameshwar Madhukar Rao Gutte,Dermatologist,20,"FCPS (SKIN & VD), MD (Skin & VD), DDV (SKIN &VD), MBBS",₹ 500,₹ 500,DermoDent Clinic,Kanjurmarg East,"Acne/Pimples, Hair Growth, Allergy",05:00 PM,08:30 PM,Mumbai
53,Dr. Ganesh Avhad,Dermatologist,15,"MD, DNB, FIDP, FIL",₹ 500,₹ 300,Skin & Hair World,Sion East,"Pimples, Pimples, Acne/Pimples",11:00 AM,02:00 PM,Mumbai
54,Dr. Anil Thombare,Dermatologist,17,"DDV (Gold Medalist), FCPS, DDV, DNB, Diploma In Dermatology And Venerology And Leprosy (DDVL)",,,,,"Eczema, Vitiligo, RashesNext ",05:00 PM,08:00 PM,Mumbai
55,Dr. Ruchi A. Gupta,Dermatologist,17,"MD - Dermatology, MBBS",₹ 900,₹ 900,Kasturi Dental Clinic,Kandivali East,"Pimples, Acne/Pimples, Hair FallNext ",06:00 PM,08:00 PM,Mumbai
56,Dr. Sushrut Save,Dermatologist,16,"MBBS, DNB (Dermatology), MNAMS ( SKIN & V.D.)",₹ 500,₹ 500,Dr. Save's Clinic,Andheri West,,06:30 PM,09:00 PM,Mumbai
57,Dr. Shaurya Rohatgi,Dermatologist,15,"MBBS, MD - Dermatology , Venereology & Leprosy",,₹ 400,Dr Shaurya's Skin Clinic,Andheri West,"Pimples, Acne Scars, Pimples TreatmentNext ",11:00 AM,02:00 PM,Mumbai
58,Dr. Deepa Kanchankoti,Dermatologist,26,"MBBS, Diploma in Venerology & Dermatology (DVD), Diplomate of National Board (Dermatology)",₹ 800,₹ 500,My Skin Laser Clinic,Lokhandwala,"Dark Skin, Acne/Pimples, PimplesNext ",03:00 PM,06:00 PM,Mumbai
59,Dr. Nimesh D Mehta,Dermatologist,35,"MD, D.V.D, MBBS",,,,,"Acne/Pimples, Black Spots on Skin, Oily SkinNext ",11:00 AM,01:00 PM,Mumbai
60,Dr. Swapnil Sanghavi,Dermatologist,14,"Fellowship in dermatosurgery, MD - Dermatology , Venereology & Leprosy, MBBS",₹ 800,,₹ 1,500 onlineCuti Lyf,"Acne/Pimples, Hair Loss, Acne TreatmentNext ",10:30 AM,09:30 PM,Mumbai
61,Dr. Deepam Shah,Dermatologist,14,"MBBS Bachelor of Medicine and Bachelor of Surgery, DNB - Dermatology & Venereology, FAM - ...read more",,,,,Laser Hair RemovalNext ,10:30 AM,08:00 PM,Mumbai
62,Dr. M. A. Hoosein,Dermatologist,55,"MBBS, Diploma in Venerology & Dermatology (DVD)",₹ 700,₹ 700,Metro Health Care,Mohammed Ali Road,,05:00 PM,07:00 PM,Mumbai
63,Dr. Priyanka Ghuge - Avhad,Dermatologist,20,"MBBS, DNB (Dermatology), Fellowship In Cosmetic Dermatology, Fellowship in Dermatological ...read more",₹ 500,₹ 500,Skin & Hair World,Sion,"Peel Treatment, Biopsy Skin, Treatments For RingwormNext ",04:00 PM,08:00 PM,Mumbai
64,Dr. Rashmi Mittal,Dermatologist,30,"Senior Residency, DNB - Dermatology Venereology & Leprosy , MD - Dermatology, MBBS",₹ 800,₹ 300,Ayushi's Skin Clinic,Shastri Nagar,"Pimples, Skin Whitening, Hair FallNext ",10:00 AM,01:00 PM,Mumbai
65,Dr. Dipanjali Singh,Dermatologist,9,Fellowship In Aesthetic Medicine,₹ 500,₹ 500,,,"Skin Whitening, Dark Circle, Dark SkinNext ",04:00 PM,08:00 PM,Mumbai
66,Dr. Jolly Shah Kapadia,Dermatologist,28,"MBBS, DNB (Dermatology)",,₹ 750,Dr. Jolly's Skin Hair Laser Clinic,Gulmohar Road,"Acne/Pimples, Hair Fall, Skin WhiteningNext ",11:00 AM,02:00 PM,Mumbai
67,Dr. Gayatri Bharadwaj,Dermatologist,34,"MBBS, DVD",,₹ 800,Dr Gayatri's Skin Clinic,Mulund West,Hair LossNext ,05:00 PM,08:00 PM,Mumbai
68,Dr. S G Parasramani,Dermatologist,41,"MD, Diploma In Dermatology And Venerology And Leprosy (DDVL)",,,,,,02:00 PM,05:00 PM,Mumbai
69,Dr. Hazelyn Pereira,Dermatologist,16,"Diploma In Dermatology And Venerology And Leprosy (DDVL), MBBS",₹ 500,₹ 500,THUNGA HOSPITAL,Malad West,"Nail Surgery, Acne/Pimples, Acne ScarsNext ",06:00 PM,08:00 PM,Mumbai
70,Dr. Gauri Patil,Dermatologist,10,Diploma In Dermatology And Venerology And Leprosy (DDVL),₹ 300,₹ 400,Dr Gauri's Skin & Hair Clinic,Mumbai,"Acne Scars, Whitening, Laser Treatment for Acne ScarsNext ",05:00 PM,07:30 PM,Mumbai
71,Dr. Pallavi Rathi,Dermatologist,19,"MD, (FCPS), DDV, MBBS",,₹ 500,My Skin My Health,Andheri East,,11:00 AM,01:00 PM,Mumbai
72,Dr. Sweta Rambhia,Dermatologist,16,"Diploma In Dermatology And Venerology And Leprosy (DDVL), MBBS",₹ 500,₹ 800,Just Care Dental And Skin Clinic,Malad,,10:00 AM,01:00 PM,Mumbai
73,Dr. Punit Saraogi,Dermatologist,14,"MD - Dermatology , Venereology & Leprosy",,,,,,11:00 AM,01:00 PM,Mumbai
74,Dr. Niketa Sonavane,Dermatologist,19,"MD AM, DDV, MBBS",,,,,,11:00 AM,06:00 PM,Mumbai
75,Dr. Sejal Saheta,Dermatologist,20,"MBBS, MD - Dermatology, DNB - Dermatology & Venereology",₹ 900,,INURSKN - Skin & Hair Clinic,Powai,,01:00 PM,08:00 PM,Mumbai
76,Dr. Sonia Tekchandani,Dermatologist,40,"DDV, MBBS",,,,,"Hair Fall, Pimples, Hair HealthNext ",11:00 AM,07:00 PM,Mumbai
77,Dr. Rashmi Modak,Dermatologist,14,"MBBS, PG Diploma in Dermatology (PGDD), Fellowship Course IADVL",₹ 600,₹ 600,Ra'Derm Clinic,Mulund West,,11:00 AM,02:00 PM,Mumbai
78,Dr. Rashmi Shinde,Dermatologist,15,"Diploma in Dermatology, MBBS",,,,,,03:00 PM,08:00 PM,Mumbai
79,Dr. Vibha Shah,Dermatologist,32,"DVD, MBBS",₹ 200,,Heritage Cosmetic Laser Centre,Borivali West,"Acne/Pimples, Hair Fall, Dandruff",09:00 AM,01:00 PM,Mumbai
80,Dr. Purvi C Shah,Dermatologist,40,"MD - Dermatology , Venereology & Leprosy, MD, MBBS",,,,,"Acne/Pimples, Black Spots on Skin, BlackheadsNext ",04:00 PM,07:00 PM,Mumbai
81,Kaya Skin Clinic,Dermatologist,16,Dermatology Backed Expert Skin & Hair Care Solution,₹ 500,,Kaya Skin Clinic - Goregaon,Goregaon East,"Acne Scars, Pimples Treatment, Acne/Pimples",10:00 AM,08:00 PM,Mumbai
82,Dr. Mukesh Batra,Dermatologist,17,"MBBS, MD-Skin,VD & Leprosy, Hair Transplant Surgeon",,,,,"Acne/Pimples, Hair Loss, Acne Scars",11:00 AM,08:00 PM,Mumbai
83,Dr. Malay Mehta,Dermatologist,13,"MBBS, MD - Dermatology",,₹ 300,Marvel Aesthetic,Vile Parle West,,10:00 AM,08:00 PM,Mumbai
84,Dr. Aseem Sharma,Dermatologist,19,"MD , MBBS, MBA, DNB, FMUHS (Trichology)",,₹ 500,Skin Saga Centre for Dermatology,Andheri West,,11:00 AM,07:00 PM,Mumbai
85,Dr. Sharmila Patil,Dermatologist,34,"MD - Dermatology , MBBS, Diploma In Dermatology And Venerology And Leprosy (DDVL)",,₹ 350,Dr Sharmila Patils Skin & Laser Center,Mumbai,,08:00 AM,10:00 AM,Mumbai
86,Dr. Ajay Nimbalkar,Dermatologist,13,"MBBS, MD - Dermatology, Fellowship In Cosmetic Dermatology, Fellowship in Hair Transplant Surgery",₹ 700,,₹ 1,000 onlineDermAvenue Advanced Skin & Hair Clinic,,10:30 AM,08:00 PM,Mumbai
87,Dr. Dhanashree Bhide,Dermatologist,32,MD - Dermatology,₹ 400,,Dhadphale Nursing Home,Shivaji Nagar,"Nail Surgery, Allergy, Acne ScarsNext ",05:30 PM,09:00 PM,Mumbai
88,Dr. Umaira R. Shaikh,Dermatologist,11,"Bachelor of Ayurveda, Medicine and Surgery (BAMS)",,,,,"Hair Loss, Acne/Pimples, Acne/PimplesNext ",11:30 AM,06:30 PM,Mumbai
89,Dr. Yuti Nakhwa,Dermatologist,20,"MD - Dermatology, MBBS",₹ 800,,Elixir Skin And Hair Clinic,Dadar West,,11:00 AM,08:00 PM,Mumbai
90,Dr. Poonam Tiwari,Dermatologist,14,"MBBS, Diploma in Trichology - Cosmetology, Diploma in Aesthetic Medicine, Cosmetic Dermatology",₹ 700,,Igorgeous,Andheri East,"Female Hair Loss, Hair Health, Skin WhiteningNext ",09:00 AM,09:00 PM,Mumbai
91,Dr. Rashmi Wighe,Dermatologist,24,"MD - Dermatology , Venereology & Leprosy",,₹ 800,Skin Care & Cure,Govandi,"Skin Care, Pimples, Acne/PimplesNext ",12:00 PM,01:30 PM,Mumbai
92,Dr. Chetan L Mehta,Dermatologist,44,"MBBS, Diploma in Dermatology & Venereology",,,,,,05:00 PM,08:30 PM,Mumbai
93,Dr. Sujit Shanshanwal,Dermatologist,15,"MBBS, MD - Dermatology , Venereology & Leprosy, ECFMG, Fellowship in dermatosurgery",,,,,,09:45 AM,11:45 AM,Mumbai
94,Dr. Pallavi Sule,Dermatologist,12,Diploma In Dermatology And Venerology And Leprosy (DDVL),₹ 800,,₹ 1,000 onlineDr.Pallavi Sule's SKIN| HAIR |AESTHETICS,"Skin Whitening, Sunburn, Hair FallNext ",11:00 AM,02:00 PM,Mumbai
95,Dr. Zeenat Bhalwani,Dermatologist,25,"MD Skin, DDV (Diploma in Dermatology and Venereology), MBBS",,,,,,11:30 AM,04:00 PM,Mumbai
96,Dr. Jitesh Shetty,Dermatologist,31,"MD, MBBS",,,,,"Pimples, Hair Fall, Blackheads",02:00 PM,09:00 PM,Mumbai
97,Dr. Deepti Shukla,Dermatologist,10,"MD - Dermatology, MBBS, Fellowship in Trichology, Consultant dermatologist",₹ 500,₹ 299,New roots hair and skin clinic,Mumbai,,10:00 AM,10:00 PM,Mumbai
98,Dr. Manjiri Bhusari,Dermatologist,36,"DVD, MBBS",₹ 600,,₹ 1,000 onlineDr Manjiri Bhusaris Mojo Mrakle Centre,"Skin Infections, Acne Scars, Acne/PimplesNext ",05:00 PM,07:30 PM,Mumbai
99,Dr. Saumil Desai,Dermatologist,37,MD - Dermatology,,,,,Skin Checks,11:00 AM,02:00 PM,Mumbai
100,Dt. Charmi Gala,Dietitian/Nutritionist,19,,,₹ 300,Human Touch Clinic,Mulund,,10:00 AM,02:00 PM,Mumbai
101,Dr. Sumaiya Petiwala,Dietitian/Nutritionist,17,"Certified Diabetes Educator, Registered Dietitian (RD), PGDD, Bachelor of Unani Medicine a...read more",,₹ 700,Dr Sumaiya's NutriCare Clinic,Nagpada,"Diet Planning, Migraine, Weight Loss Treatment",02:00 PM,08:30 PM,Mumbai
102,Dt. Farzana Chauhan,Dietitian/Nutritionist,15,,,₹ 300,All About Diet,Bandra,"Weight Loss, Weight Loss, Gaining WeightNext ",03:00 PM,05:00 PM,Mumbai
103,Dr. Geetanjali Ahuja Mengi,Dietitian/Nutritionist,21,"Masters Of Science In Dietetics And Food Service Management Msc. (DFSM), Certified Diabete...read more",,,,,"Gaining Weight, Weight Loss, Weight LossNext ",10:00 AM,06:00 PM,Mumbai
104,Dt. Jennifer Dhuri,Dietitian/Nutritionist,28,"PGDD,, Bachelor of Home Science, RD",,,,,"Ketogenic Diet, Weight Loss, Weight Loss Treatment",11:00 AM,01:00 PM,Mumbai
105,Dt. Ushma Chheda,Dietitian/Nutritionist,22,,,,,,,10:00 AM,05:00 PM,Mumbai
106,Dt. Sarika Nair,Dietitian/Nutritionist,9,Diploma in Diet and Nutrition,,₹ 300,Slim N Happy,Kandivali,"Gaining Weight, Weight Loss, Weight LossNext ",11:00 AM,06:00 PM,Mumbai
107,Dt. Hetal Chheda,Dietitian/Nutritionist,21,"BHSC, Post Graduate in Foods & Nutrition, Certificate Course in Diabetes, Certificate Cour...read more",,₹ 250,Your Health Diet Clinic,Matunga Central,Weight LossNext ,10:30 AM,08:00 PM,Mumbai
108,Dr. Zubeda Tumbi,Dietitian/Nutritionist,35,"PhD Nutrition & Diete, MSc Nutrition, BSc Nutrition, Fod map certification",,,,,"Weight Loss, Gaining Weight, Weight LossNext ",10:00 AM,05:00 PM,Mumbai
109,Dt. Nidhi Makharia Agarwal,Dietitian/Nutritionist,15,,₹ 800,₹ 800,Aahar,Mira Road East,Weight LossNext ,12:30 PM,03:00 PM,Mumbai
110,Dt. Neha Chandna (Ranglani),Dietitian/Nutritionist,16,,,₹ 300,Neha Chandna(Ranglani)- The Nutrition Counselor,Khar West,"Weight Loss, Gaining Weight, Diet PlanningNext ",04:00 PM,06:00 PM,Mumbai
111,Dt. Apeksha Thakkar,Dietitian/Nutritionist,19,"BSc - Food Science & Nutrition, PGD  in  Sports Nutrition and Dietitics , Diabetes Educato...read more",,,,,"Weight Loss, Gaining Weight, Diet PlanningNext ",08:00 PM,10:00 PM,Mumbai
112,Dt. Geeta Shenoy,Dietitian/Nutritionist,35,"Registered Dietician, Post Graduate Diploma In Dietetics",,,,,"Weight Loss, Gaining Weight, Increase MuscleNext ",06:00 PM,08:00 PM,Mumbai
113,Dt. Shilpa Mittal,Dietitian/Nutritionist,29,"B.H.Sc (Food Science & Nutrition), M.H.Sc (Food Science & Nutrition)",₹ 850,₹ 200,Shilp's Nutrilife,Borivali,"Gaining Weight, Weight Loss, Staying Healthy",10:00 AM,02:00 PM,Mumbai
114,Dt. Khushboo Sahijwani Matta,Dietitian/Nutritionist,16,"BHSC. In Dietetics, Msc Dietetics & Food Service Management",,₹ 250,Dt. Khushboo Sahijwani Matta Diet Clinic,Khar West,,12:00 PM,07:00 PM,Mumbai
115,Dt. Neha Chheda,Dietitian/Nutritionist,19,"Post Gradutate Diploma in Dietetics & Hospitals Food Services , BSC- Dietician & Nutritionist",₹ 500,₹ 350,NEHA'S NUTRIFIT CLINIC,Tardeo,,07:30 AM,08:00 PM,Mumbai
116,Dr. Priyanka.D.Raheja,Dietitian/Nutritionist,14,"M.Sc - Food & Nutrition, Bsc",,,,,,12:00 PM,02:00 PM,Mumbai
117,Dt. Urvi Kaushal Vakharia,Dietitian/Nutritionist,20,"BHSC in Dietetics, Post Graduate Diploma in Sports Science and Nutrition",₹ 250,₹ 250,Clinico Diagnostic India Pvt. Ltd,Mulund West,"Weight Loss, Gaining Weight, Staying Healthy",10:00 AM,01:00 PM,Mumbai
118,Dt. Ms. Archana Desai,Dietitian/Nutritionist,24,,,₹ 300,Weight Loss & Management Clinic,Ghatkopar East,,09:00 AM,03:00 PM,Mumbai
119,Dr. Pooja Sharma,Dietitian/Nutritionist,20,"Ph.D, MHSc",,,,,,08:30 AM,02:30 PM,Mumbai
120,Dt. Soumya Peeru,Dietitian/Nutritionist,9,,,₹ 300,Samhita,Tilak Nagar,Weight ManagementNext ,04:00 PM,06:00 PM,Mumbai
121,Dt. Bina Chheda,Dietitian/Nutritionist,29,"Certified Diabetes Educator , Sports Nutritionist, Registered Clinical Dietician",,,,,,02:30 PM,04:30 PM,Mumbai
122,Dt. Amreen Shaikh,Dietitian/Nutritionist,16,"P.G. Diploma In Dietitics & Nutrition, BSC - Zoology",₹ 700,₹ 250,Right Bite Clinic,Andheri West,,06:00 PM,09:00 PM,Mumbai
123,Dt. Tehzeeb Lalani,Dietitian/Nutritionist,13,,,₹ 500,Scale Beyond Scale,Mumbai,Weight Loss,,,Mumbai
124,Dt. Rashida Bismillah,Dietitian/Nutritionist,20,Post Graduation Diploma in Dietetics and Applied Nutrition,,₹ 400,Online,Mumbai,Weight LossNext ,09:00 AM,10:00 AM,Mumbai
125,Dt. Ms. Deepa Nandy,Dietitian/Nutritionist,17,"Certification in Diabetes Educators Program, Post Graduate Diploma in Sports Nutrition",,₹ 300,Deepa Nandy's Nutriguide,Versova,"Weight Loss, Gaining Weight, Body WeaknessNext ",05:00 PM,07:30 PM,Mumbai
126,Dt. Nisha Singh,Dietitian/Nutritionist,24,,,,,,"Weight Loss, Gaining Weight, Increase MuscleNext ",04:00 PM,06:30 PM,Mumbai
127,Dt. Vidhi Amit Shah,Dietitian/Nutritionist,17,,,₹ 300,Riva Dent,Marine Lines,Weight LossNext ,10:00 AM,05:00 PM,Mumbai
128,Dt. Urvashi Goyani,Dietitian/Nutritionist,21,P.G.Diploma in dietetics and applied nutrition,,₹ 300,Purohit Medical Center,Borivali West,Weight LossNext ,05:00 PM,06:30 PM,Mumbai
129,Dt. Ruchita Maheshwari,Dietitian/Nutritionist,12,"BSc, Pg Diploma In Food Science & Nutrition, Sensory Evaluation of Food, Certified Diabete...read more",₹ 600,₹ 500,Healthy Mantra,Andheri East,,09:30 AM,11:30 AM,Mumbai
130,Dr. S Kumar,Dietitian/Nutritionist,34,Phd - Complementary & Alternative Medicine,,,,,"Weight Loss, Gaining Weight, Weight LossNext ",10:00 AM,08:00 PM,Mumbai
131,Dt. Kamna Desai,Dietitian/Nutritionist,22,Post Graduate Diploma In Dietetics,,,,,"Weight Loss, Weight Management",10:00 AM,12:00 PM,Mumbai
132,Dt. Mikita Gandhi,Dietitian/Nutritionist,13,Post Graduation in Clinical Nutrition with Specialization in Diabetes and Cardiac Care,,₹ 350,The Doctors,Khar,,09:00 AM,12:00 PM,Mumbai
133,Dt. Seemaa J Poddar,Dietitian/Nutritionist,16,"Diploma in Clinical Nutrition, Sport Nutrition, Nutrition & diet Planning",,₹ 350,Ms. Seemaa j Poddar's Practice,Goregaon East,,02:00 PM,06:00 PM,Mumbai
134,Dt. Kanchan Patwardhan,Dietitian/Nutritionist,30,"MSc. Foods & Nutrition, BSc. Dietitics",,,,,"Weight Loss, Gaining Weight, DiabetesNext ",10:00 AM,08:30 PM,Mumbai
135,Dt. Mrs. Megha Tiwari,Dietitian/Nutritionist,14,,₹ 500,₹ 400,Eat Right To Get Fit,Ghatkopar West,,11:00 AM,06:00 PM,Mumbai
136,Neeta's Bodysculpt Clinic,Dietitian/Nutritionist,24,"Bachelor of Ayurveda, Medicine and Surgery (BAMS)PG IN DIET NUTRITIONIST, TULIP INTERNATIO...read more",₹ 300,₹ 300,Neeta's Bodysculpt Clinic,Mumbai,,10:00 AM,08:00 PM,Mumbai
137,Ms. Janvi Chitalia,Dietitian/Nutritionist,22,"ACSM Certified Personal Trainer, Specialist In Fitness Nutrition, PG Diploma In Weight Man...read more",,,,,,10:30 AM,09:00 PM,Mumbai
138,Dt. Urvi Ved,Dietitian/Nutritionist,21,"Nutrition Certification, Diploma in Diet and Nutrition, Certified Diabetes Educator, Diplo...read more",₹ 700,₹ 500,Iyer Polyclinic,Sion,,04:00 PM,06:00 PM,Mumbai
139,Dt. Archana Shah,Dietitian/Nutritionist,12,M.sc Food & Nutrition,₹ 500,,₹ 1,000 onlineHealthy U,"Weight Management, Weight LossNext ",11:00 AM,07:00 PM,Mumbai
140,Dt. Sweta Shah,Dietitian/Nutritionist,15,"B.Sc - Home Science, MSc - Nutrition & Food Processing, MSc - Food Production Management",,,,,,11:00 AM,06:00 PM,Mumbai
141,Dt. Sophia Lashkari,Dietitian/Nutritionist,18,"Certified Diabetes Educator, Pediatric Nutrition, Infant and Young Child Feeding, PG Dietetics",₹ 800,₹ 800,Eat Healthy,Kalyan,,06:00 PM,08:00 PM,Mumbai
142,Dt. Neelam Gadage,Dietitian/Nutritionist,9,"Diploma in Dietetics , Health & Nutrition",₹ 500,₹ 350,Total Nutrition - Shaily Nursing Home,Bhandup East,,06:00 PM,08:00 PM,Mumbai
143,Dt. Deepa Bahuguna,Dietitian/Nutritionist,8,B.SC - Applied Nutrition,,₹ 350,Nutritionist Deepaâs Clinic,Andheri West,,11:00 AM,08:00 PM,Mumbai
144,Ms. Khusboo Maheshwari,Dietitian/Nutritionist,10,"M.Sc. Clinical Nutrition & Dietetics, B.Sc. - Home Science (Food & Nutrition), Registered ...read more",,₹ 800,FiProFat,Mira Road East,,11:00 AM,07:00 PM,Mumbai
145,Dt. Deepal Shukla,Dietitian/Nutritionist,15,,,₹ 300,Foods For Life,Mumbai,"Gaining Weight, Weight Loss",04:00 PM,07:00 PM,Mumbai
146,Dt. Sarrah Talukdar,Dietitian/Nutritionist,18,,₹ 800,₹ 500,Speciality Clinic,Tardeo,,03:00 PM,08:00 PM,Mumbai
147,Dr. Harshita Kalra,Dietitian/Nutritionist,11,,,,,,,11:00 AM,09:00 PM,Mumbai
148,Dt. Huda Shaikh,Dietitian/Nutritionist,11,,₹ 800,₹ 800,Huda Shaikh,Jogeshwari West,,07:00 PM,07:30 PM,Mumbai
149,Dt. Anjum Shaikh,Dietitian/Nutritionist,21,,₹ 500,,Anjum's Diet & Wellness,Andheri West,,11:00 AM,09:00 PM,Mumbai
150,Dr. Darshan Sheth,General+Physician,9,"MBBS, Master of Hospital Administration",₹ 300,₹ 300,Dr Sheth's Clinic & Homecare Solutions,Malad West,"Allergy, Allergy TreatmentNext ",07:00 PM,10:00 PM,Mumbai
151,Dr. Vivek Trivedi,General+Physician,5,"Bachelor of Medicine, Bachelor of Surgery (M.B.B.S.), Medicine",₹ 50,₹ 100,,,,10:00 AM,02:00 PM,Mumbai
152,Dr. Kailash Gokral,General+Physician,25,"PGDMLS , MD - Community Medicine, MBBS",₹ 300,,Nirmal Clinic,Khar,,07:00 PM,10:00 PM,Mumbai
153,Dr. Ravindra Mishra,General+Physician,14,"MBA (Healthcare), CCH, PGDEMS, BHMS",₹ 150,₹ 200,THE CLINIQ,Nalasopara East,,05:00 PM,12:00 PM,Mumbai
154,Dr. Shirish Malgi,General+Physician,38,MD,,₹ 500,Sushrut Hospital and Research Center,Chembur East,"Viral Fever Treatment, Vaccination, Erection ProblemsNext ",02:30 PM,03:30 PM,Mumbai
155,Dr. Ashfaque Thakur,General+Physician,39,"MBBS, MBBS",,,,,,11:00 AM,07:30 PM,Mumbai
156,Dr. Juned P. Labbai,General+Physician,10,MBBS,₹ 250,₹ 300,S.N. Maternity & General Hospital,Mumbai,,09:00 PM,11:00 PM,Mumbai
157,Dr. Alaknanda,General+Physician,21,"Master in Family Medicine, MBBS, MBA Pharma Mgmt, Clinical Trial Mgmt and Epidemiology",₹ 300,₹ 300,Alaknanda's Clinic,Mumbai,,10:00 AM,01:00 PM,Mumbai
158,Dr. Haresh Tolia,General+Physician,41,MBBS Bachelor of Medicine and Bachelor of Surgery,₹ 250,₹ 500,Dr. Haresh Tolia's Clinic,Ghatkopar West,,06:30 PM,08:30 PM,Mumbai
159,Dr. Dayanand Dhekane,General+Physician,16,MD - Internal Medicine,₹ 400,,Shiva speciality Clinic,Mumbai,,06:30 PM,09:30 PM,Mumbai
160,Dr. Dayanand Dhekane,General+Physician,16,MD - Internal Medicine,₹ 400,,Shiva speciality Clinic,Mumbai,,06:30 PM,09:30 PM,Mumbai
161,Dr. Kinnary R. Shah,General+Physician,21,"DNB (General Medicine), MBBS",₹ 600,₹ 500,Shree Eye Clinic,Goregaon West,,09:00 AM,01:00 PM,Mumbai
162,Dr. Harish Dhuri,General+Physician,28,MBBS,₹ 200,₹ 300,,,Viral Fever TreatmentNext ,09:30 AM,01:00 PM,Mumbai
163,Dr. Nash Kamdin,General+Physician,34,MBBS,₹ 500,₹ 300,Dr Nash  Kamdin,Behram Baug,"Body Weakness, Masturbation Addiction, Stomach PainNext ",10:00 AM,05:00 PM,Mumbai
164,Dr. Paresh Shah,General+Physician,36,MBBS,₹ 500,₹ 300,Dr Paresh Shah,Ghatkopar East,,09:30 AM,11:30 AM,Mumbai
165,Dr. Prashant Kini,General+Physician,18,"MBBS, MD - Internal Medicine",,,,,,06:00 PM,08:00 PM,Mumbai
166,Dr. Chirag Jain,General+Physician,21,"DNB, M.B.B.S",₹ 300,,₹ 3,000 onlineinji healthcare,,10:30 AM,12:30 PM,Mumbai
167,Dr. Rohan Bhandarkar,General+Physician,23,"MBBS, Diabetology CME, P.G.P Paediatrics",₹ 800,₹ 800,Dr Rohan Bhandarkar,Andheri West,"Vaccination, Removal of CornsNext ",06:00 PM,08:00 PM,Mumbai
168,Dr. Shilpa Goel,General+Physician,22,"Diabetic educator and Nutrionist, BLS AND ACLS Instructor, BHMS",₹ 400,₹ 400,Khushi speciality clinic,Kandivali West,,,,Mumbai
169,Dr. Ujjyani Sengupta Pawar,General+Physician,6,"MD physician, MD - Microbiology",₹ 750,,Nanavati superspeciality hospital,Vile Parle West,,08:00 AM,11:00 PM,Mumbai
170,Dr. Mitali Joshi,General+Physician,15,"MBBS Bachelor of Medicine and Bachelor of Surgery, MD - Internal Medicine, C. Diabetology,...read more",₹ 900,₹ 300,The Clinic,Prabhadevi,,05:00 PM,07:30 PM,Mumbai
171,Dr. Mahendra B Mehta,General+Physician,49,"PG Diploma in Clinical Research, Diploma in Acupuncture, MBBS, College Of Physicians & Surgeons",₹ 500,₹ 300,Be Well Polyclinic,Mulund,"Sex Education, Masturbation Addiction, Small Penis SizeNext ",06:00 PM,09:00 PM,Mumbai
172,Dr. Mayur Hedau,General+Physician,12,"MD Medicine, PGD IN CARDIAC EMERGENCIES",₹ 100,₹ 500,Jupiter Hospital & Diagnostic Centre,Mumbai,,10:00 AM,07:00 PM,Mumbai
173,Dr. Parvez A. Shaikh,General+Physician,21,"BUMS ( Mumbai ),H.E.S(pune),",₹ 250,₹ 200,Ishrat Clinic,Kurla West,"Hand Pain, Colic, Cold Cough",10:00 AM,02:00 PM,Mumbai
174,Dr. Tushar Shah,General+Physician,35,MBBS,₹ 150,,Rushabh Clinic,Vile Parle,,10:00 AM,07:00 PM,Mumbai
175,Dr. Shakti Raj,General+Physician,12,MBBS,₹ 500,,Hair Harmony & You Specialist In Hair Transplant,Mumbai,,10:00 AM,07:00 PM,Mumbai
176,Dr. Yatendra Kumar Porwal,General+Physician,9,"MD - General Medicine, DM - Cardiology",₹ 150,₹ 500,,,,10:00 AM,02:00 PM,Mumbai
177,Dr. Umesh Alegaonkar,General+Physician,30,"MD - General Medicine, MBBS",,,,,"HIV AIDS, Sex Education, AcidityNext ",01:00 PM,03:00 PM,Mumbai
178,Dr. Neelesh G.Kamath,General+Physician,14,"MD - Internal Medicine, MBBS, Post Graduate Diploma in Diabetes and Endocrinology, Post Gr...read more",₹ 600,,Ashok Hospital,Dahisar East,,07:00 PM,10:30 PM,Mumbai
179,Dr. Archit Jain,General+Physician,8,MBBS,₹ 300,₹ 100,Fayth Clinic,Garha,,09:00 AM,06:00 PM,Mumbai
180,Dr. Shardul K Kothary,General+Physician,23,"MBBS, Diploma in Diabetology",,,,,,04:00 PM,08:00 PM,Mumbai
181,Dr. Satish Shetty,General+Physician,47,MBBS,₹ 200,₹ 400,Family Physician & Vaccination Centre,Trombay,,06:30 PM,09:30 PM,Mumbai
182,Dr. Thakur Ejaz Abdul,General+Physician,29,"MBBS, Fellowship in Minimal Access Surgery, Fellowship of Indian Association of Gastrointe...read more",₹ 300,,Masina Hospital,Byculla,,07:00 PM,09:00 PM,Mumbai
183,Dr. Rajesh Gandhi,General+Physician,45,MBBS,₹ 400,₹ 400,Dr. Rajesh Gandhi Clinic,Powai,VaccinationNext ,06:00 PM,09:30 PM,Mumbai
184,Dr. Ishan Parekh,General+Physician,12,"M.D.General Medicine, M.B.B .S, DNB (Nephrology)",,₹ 100,Dr Ishan Parekh,Kandivali West,,09:00 AM,09:00 PM,Mumbai
185,Rohit Jacob,General+Physician,7,"MBBS, MD - Medicine",₹ 500,₹ 500,Rohit Jacob's Clinic,Malad East,,07:00 AM,10:00 PM,Mumbai
186,Dr. Neeraj Kumar Tulara,General+Physician,24,"MBBS, MD - General Medicine, Post Graduate Diploma in Infectious Disease",,,,,,09:00 AM,01:00 PM,Mumbai
187,Chetan Mahajan,General+Physician,12,"MBBS,MD,IDCCM, IDCCM, MD",₹ 300,₹ 300,RATHOD HOSPITAL,Mumbai,,11:00 AM,02:00 PM,Mumbai
188,Dr. Rupesh Mandaokar,General+Physician,26,B. A. M. S.,₹ 300,₹ 300,SARITA CLINIC,Mumbai,"Allergy Treatment, Allergy",10:00 AM,11:00 PM,Mumbai
189,Dr. Jaffar Khan,General+Physician,14,"B.H.M.S.,Basic Life Support (B.L.S)U.A.E",₹ 100,₹ 100,WelCare Polyclinic,Malad West,,09:00 AM,02:00 PM,Mumbai
190,Dr. Anuj Mehta,General+Physician,14,DNB (General Medicine),₹ 550,₹ 300,Dr.Anuj Mehta Clinic,Borivali West,,07:00 AM,09:00 AM,Mumbai
191,Dr. Parag P Ajmera,General+Physician,35,MD - Medicine,,,,,,10:30 AM,02:00 PM,Mumbai
192,Dr. Baburaj Hegde,General+Physician,35,MD - General Medicine,₹ 600,,Dr.Baburaj Hegde Clinic,Worli,,05:30 PM,11:00 PM,Mumbai
193,Dr. Nimish Patel,General+Physician,19,"MBBS, MD - General Medicine",₹ 700,,Guru Ashish Clinic,Ghatkopar West,,10:00 AM,12:00 PM,Mumbai
194,Dr. Parvez Chowki,General+Physician,10,"MBBS, MD - Anatomy",₹ 150,₹ 100,Latifa Clinic,Majrewadi,,09:00 AM,12:00 PM,Mumbai
195,Dr. Parag Misar,General+Physician,21,"MBBS, MD - Medicine",₹ 800,,Fortis Hospital,Kalyan,,10:00 AM,11:00 AM,Mumbai
196,Dr. Vinod Ahuja,General+Physician,43,MBBS,₹ 200,,Aditi Clinic,Chembur East,,11:00 AM,02:00 PM,Mumbai
197,Dr. Ramvilas Nag,General+Physician,8,"M.S Orthopaedics, Senior Resident Orthopaedics",,₹ 500,Rams clinic,Navghar Road,,,,Mumbai
198,Dr. Mrs Anupam Bhatnagar,General+Physician,31,"MBBS Bachelor of Medicine and Bachelor of Surgery, Diploma in Anesthesia",₹ 400,₹ 100,Swarn Family Clinic,Kandivali East,,11:00 AM,01:30 PM,Mumbai
199,Dr. Jayesh Mohan Soni,General+Physician,34,MD - Medicine,,,,,,04:00 PM,08:00 PM,Mumbai
200,Dr Chintan Rohit Hegde,Orthopedist,17,,,,,,,05:00 PM,08:00 PM,Mumbai
201,Dr Sourabh Kulkarni,Orthopedist,19,,,,,,,05:00 PM,08:00 PM,Mumbai
202,Dr. Chirag Dalal,Orthopedist,16,MS - Orthopaedics,,₹ 500,Madhu Hospital,Bhandup West,,04:00 PM,09:00 PM,Mumbai
203,Dr. Harpreet,Orthopedist,,,,,,,,05:00 PM,08:00 PM,Mumbai
204,Dr. Shrinand Vaidya,Orthopedist,39,"Fellowship in Joint Replacement, M.S.ORTHOPAEDICS",,,,,,05:00 PM,06:30 PM,Mumbai
205,Dr. Shrinivas D,Orthopedist,30,"MS - Orthopaedics, MBBS Bachelor of Medicine and Bachelor of Surgery, Fellow of Academy of...read more",,₹ 500,KOLEKAR HOSPITAL AND ICCU,Chembur,,12:00 PM,02:00 PM,Mumbai
206,Dr. Priyank Patel,Orthopedist,15,"MBBS, MS - Orthopaedics, Fellowship in Spinal Surgery",,,,,,02:00 PM,04:00 PM,Mumbai
207,Apollo Spectra Hospitals,Orthopedist,,,,,,,,09:00 AM,09:00 PM,Mumbai
208,Dr. Rajesh Gayakwad,Orthopedist,20,"DNB (Orthopedics), MNAMS (Orthopedic Surgery), MBBS",₹ 700,₹ 700,SRV HOSPITAL,Goregaon,Orthopedic SurgeryNext ,05:00 PM,07:00 PM,Mumbai
209,Dr. Kunal Makhija,Orthopedist,15,"MBBS Bachelor of Medicine and Bachelor of Surgery, MS - Orthopaedics, Fellowship In Joint ...read more",₹ 300,₹ 300,Patel Clinic & Orthopedic Centre,Panvel,,08:00 AM,10:00 AM,Mumbai
210,Dr. Rakesh G. Nair Nair,Orthopedist,32,"DNB (Orthopedics), Diploma in Orthopaedics, MBBS",,,,,"Knee Pain, Knee Pain, Knee replacement TreatmentNext ",04:00 PM,07:00 PM,Mumbai
211,Dr. Lalit Panchal,Orthopedist,35,"MBBS, MS - Orthopaedics, DNB",,,,,"Joint Pain, Joint Replacement, Muscle disorderNext ",06:30 PM,09:00 PM,Mumbai
212,Dr. Sachin Prakash Rathod,Orthopedist,14,,,₹ 800,Dr. Sachin Rathod's Clinic,Opera House,,10:00 AM,09:00 PM,Mumbai
213,Dr. Manoj Jain,Orthopedist,28,"MBBS, MS - Orthopaedics",,₹ 350,M.J. Speciality Clinic,Parel,,05:00 PM,09:30 PM,Mumbai
214,Dr. Shabbir Suterwala,Orthopedist,26,"MBBS, Diploma in Orthopaedics, Fellowship in Hip-Resurfacing & Joint Replacement, Brimingham (UK)",,₹ 300,BONECARE 206,Charni Road,Joint PainNext ,04:00 PM,09:00 PM,Mumbai
215,Dr. Prakash Sankhala,Orthopedist,32,"Diploma In Orthopaedics (D. Ortho), MBBS",₹ 750,₹ 300,Swastik Hospital & Research Centre,Chembur East,,06:00 PM,08:00 PM,Mumbai
216,Dr. Karthik Subramanian,Orthopedist,14,"MBBS, Diploma In Orthopaedics (D. Ortho), DNB (Orthopedics), MNAMS (Membership of the Nati...read more",₹ 800,₹ 150,Horizon Hospital,Mumbai,,07:00 PM,09:00 PM,Mumbai
217,Dr. Brijesh Yadav,Orthopedist,17,"MBBS, DNB (Orthopedics)",₹ 300,₹ 300,Sneha Hospital,Navghar,,07:00 AM,11:00 PM,Mumbai
218,Dr. Devanand D. More,Orthopedist,19,"MBBS, Diploma in Orthopaedics, DNB - Orthopedics, Fellowship in Joint Replacement Surgeon",₹ 600,₹ 600,Mandapeshwar Nursing Home And Icu,Borivali,,06:00 PM,07:00 PM,Mumbai
219,Dr. Neeraj R Bijlani,Orthopedist,24,"MBBS, Diploma In Orthopaedics, FCPS - Orthopedic",,,,,,05:00 PM,08:00 PM,Mumbai
220,Dr. Bhavin Doshi,Orthopedist,16,"DNB (Orthopedics), MS - Orthopaedics, MNAMS - Orthopaedics, MBBS, Fellowship in arthroplas...read more",₹ 700,₹ 400,Healthcare Medical Centre and Diagnostic,Yogi Jawraj Nagar,,10:30 AM,11:30 AM,Mumbai
221,Dr. Shreedhar Archik,Orthopedist,37,"M.Sc - Ortho, MS - Orthopaedics, MBBS",,,,,,04:00 PM,07:00 PM,Mumbai
222,Dr. Sanjay Alle,Orthopedist,12,"Diploma In Orthopaedic, MBBS Bachelor of Medicine and Bachelor of Surgery",₹ 800,₹ 200,PACE ORTHO CLINIC,Worli,,07:00 PM,11:00 PM,Mumbai
223,Dr. Hardeek N Ghundiyal,Orthopedist,20,"Fellowship in Knee Replacement, D.N.B. (Orthopaedics) , MBBS",₹ 500,,NuLife Hospital,Ghatkopar West,"Back Pain, Knee Pain, Bone FractureNext ",05:00 PM,06:00 PM,Mumbai
224,Dr. Pranav Rathi,Orthopedist,18,"Fellowship in Shoulder and Upper Limb, Fellowship in Joint Replacement, MS - Orthopaedics, MBBS",,,,,"Knee Pain, Bone FractureNext ",05:00 PM,08:00 PM,Mumbai
225,Dr. Umesh Shetty,Orthopedist,34,"MS - Orthopaedics, MBBS",,₹ 300,Axis Orthopedic Hospital,Andheri West,,11:00 AM,09:00 PM,Mumbai
226,Dr. Kunal Shah,Orthopedist,7,"MS - Orthopaedics, DNB (Orthopedics)",₹ 0,₹ 400,V Care hospital and ICU,Parel East,,09:00 AM,12:30 PM,Mumbai
227,Dr. Rahul Rane,Orthopedist,19,"MBBS, MS - Orthopaedics, DNB - Orthopaedic Surgery, Clinical Fellowship in Spine Surgery",,₹ 300,Raksha Multispeciality hospital,Andheri East,,06:45 PM,08:30 PM,Mumbai
228,Dr. Shailendra Patil,Orthopedist,22,"MBBS, Diploma In Orthopaedics, DNB - Orthopedics, Fellowship In Joint Replacement & Arthroscopy",,₹ 350,Bone & Joint Care,Mulund West,,07:00 PM,10:00 PM,Mumbai
229,Dr. Uday Pawar,Orthopedist,24,"DNB (Orthopedics), Diploma In Orthopaedics (D. Ortho), MBBS, Fellowship Trained Spine surgeon",,,,,,09:00 AM,11:00 AM,Mumbai
230,Dr. Miten Sheth,Orthopedist,16,,,,,,,06:00 PM,08:00 PM,Mumbai
231,Dr. Yogesh Patil,Orthopedist,13,"MS - Orthopaedics, MBBS",₹ 300,₹ 300,YOGYAM Bone & Joint Clinic,Vasai West,,05:00 PM,09:00 PM,Mumbai
232,Dr. Sandeep Jain,Orthopedist,23,"MBBS, M.S. Orthopedics, FCPS, Orthopedics",₹ 900,,The Spring Clinic,Malad,,09:00 AM,10:00 PM,Mumbai
233,Dr. Nikhil Shetty,Orthopedist,14,"MBBS, MS - Orthopaedics, Diploma - SICOT",₹ 500,₹ 800,Disha hospital,Ghatkopar West,,05:00 PM,10:00 PM,Mumbai
234,Dr. Amit Jain,Orthopedist,26,"MS(Ortho), DNB (ORTHO), Dip. (Ortho), MBBS, fellowship in minimally invasive spine surgery",₹ 800,,₹ 1,000 onlineorthospine centre and physio rehab care,Joint PainNext ,10:30 AM,01:00 PM,Mumbai
235,Dr. Mayur Rabhadiya,Orthopedist,12,"DNB Orthopaedics, Diploma in Orthopaedics, MBBS",,₹ 500,Orthocare@Dr. Savla's Polyclinic & Nursing Home,Ghatkopar West,,07:00 PM,09:00 PM,Mumbai
236,Dr. Suresh Shetty,Orthopedist,39,"MBBS, Diploma in Orthopaedics, MS - Orthopaedics",,,,,,04:00 PM,06:00 PM,Mumbai
237,Dr. Abhay Nene,Orthopedist,,,,,,,,,,Mumbai
238,Dr. Pranjal Kodkani,Orthopedist,26,"M S Ortho, D - Ortho, MBBS Bachelor of Medicine and Bachelor of Surgery",,₹ 300,Center For Joint Preservation Surgery,Bandra West,,04:00 PM,08:00 PM,Mumbai
239,Dr. Kunal Shah,Orthopedist,15,"MBBS, MS - Orthopaedics, Spine Fellowship",₹ 800,₹ 300,Aarav Polyclinic,LBS Road,"Knee Pain, Foot Pain, Joint PainNext ",06:00 PM,09:00 PM,Mumbai
240,Dr. Ajay Randive,Orthopedist,29,"MS - Orthopaedics, MBBS, Clinical Fellowship In Joint Replacement",,,,,,12:00 PM,02:00 PM,Mumbai
241,Dr. L Tomar,Orthopedist,46,"MBBS, MS - Orthopaedics, M.Ch, FICS(USA)",₹ 700,₹ 300,Tomar Foundation,Andheri East,"Hand Pain, Joint Pain, Back PainNext ",05:30 PM,07:00 PM,Mumbai
242,Dr. Milind Patil,Orthopedist,35,"M.Ch - Liverpool, Fellowship of the Royal College of Surgeons (FRCS), MS - Orthopaedics",₹ 800,,,,,09:00 AM,10:00 AM,Mumbai
243,Dr. Atul Bhaskar,Orthopedist,32,"MBBS, MS - Orthopaedics, FRCS - General Surgery",,,,,,06:00 AM,10:00 PM,Mumbai
244,Dr. Vaibhav B Kasodekar,Orthopedist,23,"MBBS, MS - Orthopaedics",,,,,,01:00 PM,03:00 PM,Mumbai
245,Dr. Taral Nagda,Orthopedist,42,DNB (Orthopedics),,,,,,09:00 AM,01:00 PM,Mumbai
246,Dr. Om Patil,Orthopedist,15,"MS - Orthopaedics, Clinical Fellowship in Spine Surgery, FCPS - Orthopedic, MBBS Bachelor ...read more",,,,,,09:00 AM,09:00 PM,Mumbai
247,Dr. Shailesh Mishra,Orthopedist,18,"MBBS Bachelor of Medicine and Bachelor of Surgery, MS - Orthopaedics, DNB - Ortho, Fellows...read more",₹ 800,₹ 300,AR hospital orthopedic,Malad West,,06:00 PM,09:00 PM,Mumbai
248,Dr. Ketan Panchamia,Orthopedist,,,₹ 600,,Dr Panchamiyas Health Hi-Tech Orthopaedic And Surgical Hospital,Kandivali,,11:00 AM,02:00 PM,Mumbai
249,Dr. Sarang Deshpande,Orthopedist,17,"M.Ch Orth (UK), MS - Orthopaedics",₹ 700,,,,,11:00 AM,12:00 PM,Mumbai
250,Dr. Manjiri Kawde,Gynaecologist,32,"MBBS, DGO",₹ 500,,Pristyn Care Clinic,Mumbai,,05:00 PM,08:00 PM,Mumbai
251,Dr. Amit Agrawal,Gynaecologist,13,"MBBS, DNB - Obstetrics & Gynecology",₹ 500,,Pristyn Care,Sector 15 Vashi,,05:00 PM,08:00 PM,Mumbai
252,Dr. Jagdip Shah,Gynaecologist,43,"MD - Obstetrics & Gynaecology, DGO, MBBS, MCPS",,₹ 500,Parakh Hospital,Ghatkopar East,"Sex Education, No Periods, Trying to ConceiveNext ",01:00 PM,02:30 PM,Mumbai
253,Dr. Veena G Shinde,Gynaecologist,36,"MBBS, MD - Obstetrics & Gynaecology, DGO",,₹ 300,Cloudnine Hospital,Malad West,"No Periods, Sex Education, Irregular PeriodsNext ",11:00 AM,03:00 PM,Mumbai
254,Dr. Jayanti Kamat,Gynaecologist,31,"MBBS, MD - Obstetrics & Gynaecology, Advanced Infertility",₹ 800,₹ 500,Shrishti Fertility Care Center & Women's clinic,Jogeshwari East,"No Periods, Irregular Periods, Pregnancy QueryNext ",05:00 PM,07:00 PM,Mumbai
255,Dr. Shiwani Agarwal,Gynaecologist,23,"DNB (Obstetrics and Gynecology), MBBS",₹ 700,₹ 500,SpringDale Gynaecare,Kandivali East,"Pregnancy, Sex Education, Pregnant Women CounselingNext ",07:30 PM,09:30 PM,Mumbai
256,Dr. Bhavini Shah Balakrishnan,Gynaecologist,17,"DNB (Obstetrics and Gynecology), DGO, MBBS Bachelor of Medicine and Bachelor of Surgery",,₹ 500,Mummas Clinic,Mumbai,"Womens Health, Pregnancy, Fertile PeriodNext ",06:00 PM,08:00 PM,Mumbai
257,Dr. Neelima Mantri,Gynaecologist,20,"MBBS, MS - Obstetrics and Gynaecology, Fellowship in Gynaecology & Laprascopy",,₹ 350,Bombay Hospital & Medical Research Centre,Marine Lines,"Polycystic Ovary Syndrome Treatment, Family Planning, Polycystic Ovary SyndromeNext ",10:00 AM,05:00 PM,Mumbai
258,Dr. Niraj Mahajan,Gynaecologist,21,MD - Obstetrtics & Gynaecology,,₹ 500,Apollo Spectra Hospital,Tardeo,"Abortion, Delivery, Ovarian Cysts",06:00 PM,09:00 PM,Mumbai
259,Dr. Vandana Walvekar,Gynaecologist,55,MD,,₹ 500,Thakur Clinic,Mumbai,"No Periods, Sex Education, PregnancyNext ",10:30 AM,12:00 PM,Mumbai
260,Dr. Dimpy Irani,Gynaecologist,27,"MD - Obstetrics & Gynaecology, MBBS, DGO, DNB",,,,,,04:00 PM,08:00 PM,Mumbai
261,Dr. Vrunda Karanjgaokar,Gynaecologist,26,"FRCOG (LONDON) (Fellow of Royal College of Obstetricians and Gynaecologists), CCT (Lon), D...read more",,₹ 550,Lifecare Hospital,Prabhadevi,Polycystic Ovary SyndromeNext ,07:00 PM,09:00 PM,Mumbai
262,Dr. Kazi Trupti,Gynaecologist,29,"MRCOGI, DGO, MBBS",,,,,,07:00 PM,08:00 PM,Mumbai
263,Dr. Sudha Mukul Marwah,Gynaecologist,44,"MS - Ophthalmology, MBBS",,,,,Womens HealthNext ,02:00 PM,07:00 PM,Mumbai
264,Dr. Hemlata Hardasani,Gynaecologist,28,"MBBS, DGO",,₹ 400,Mothers Care Clinic,Veera Desai Road,"Trying to Conceive, Polycystic Ovary Syndrome, PregnancyNext ",10:00 AM,01:30 PM,Mumbai
265,Dr. Shilpa Bansal Agrawal,Gynaecologist,19,"MBBS, MD - Obstetrtics & Gynaecology, DNB, Fellowship In Infertility",,₹ 700,Harleys Cosmetic & Women Clinic,Andheri West,"Sex Education, Polycystic Ovary Syndrome, Pregnancy QueryNext ",12:00 PM,03:00 PM,Mumbai
266,Dr. Poonam Nautiyal,Gynaecologist,24,"DNB - Obstetrics & Gynecology, DGO, MBBS, Royal College of Obstetricians and Gynaecologist...read more",,,,,"Breast Examination, Abortion, Gynae ProblemsNext ",10:00 AM,12:00 PM,Mumbai
267,Dr. Raju Manmohan,Gynaecologist,32,"MBBS, DGO, MD - Family Medicine",,₹ 750,Fortune Surgical Clinic,Mumbai,,01:00 PM,02:00 PM,Mumbai
268,Dr. Sonali Tawde,Gynaecologist,21,"MBBS, MS - Obstetrics & Gynaecology & Fellowship In Fertility ( IVf Specialist ), Dnb - Ob...read more",₹ 700,,Aveta Fertility Clinic,Mulund West,DeliveryNext ,02:00 PM,07:30 PM,Mumbai
269,Dr. Nutan Hegde,Gynaecologist,17,"MBBS, DGO, MRCOG",₹ 800,₹ 600,Sapale's Polyclinic,Mumbai,"Trying to Conceive, Irregular Periods, No PeriodsNext ",06:00 PM,08:30 PM,Mumbai
270,Dr. Ameya S Kanakiya,Gynaecologist,18,"MBBS, DNB, DGO, CCGDM",,,,,,05:00 PM,07:00 PM,Mumbai
271,Dr. Anita Mathew,Gynaecologist,33,"MBBS, MD, DGO",₹ 600,,Meera Hospital - Kalyan West,Kalyan West,,10:00 AM,05:00 PM,Mumbai
272,Dr. Sunita Jonwal,Gynaecologist,18,"MD - Ayurveda , MD-GYNEC",₹ 800,₹ 400,Dr. Jonwal's NapAyurVeda Panchkarm & Wellness,MHADA Colony,DeliveryNext ,10:30 AM,08:00 PM,Mumbai
273,Dr. Priti Nandanwar,Gynaecologist,32,"MBBS, DGO, DFP, MCCG",₹ 800,₹ 800,Women's Health Care Clinic,Kurla East,,11:00 AM,02:00 PM,Mumbai
274,Dr. Nanavati Murari Suresh,Gynaecologist,45,"MD - Obstetrics & Gynaecology , DNB (Obstetrics and Gynecology), F.C.P.S.(Mid. & Gynae), D...read more",,,,,,09:00 AM,11:00 AM,Mumbai
275,Dr. Mridula Sarda,Gynaecologist,16,"DGO, Dnb, MRCOG(UK)",₹ 500,₹ 500,Sarda clinic,Vile Parle East,,05:00 PM,09:00 PM,Mumbai
276,Dr. Kishori Dinendra Kadam,Gynaecologist,42,"MBBS, DGO, MD - Obstetrics & Gynaecology",,₹ 350,Ashirwad Maternity & Nursing Home,Mulund West,,06:30 PM,08:00 PM,Mumbai
277,Dr. Girish Dani,Gynaecologist,52,"MD - Obstetrtics & Gynaecology, FCPS, DGO, Diploma of the Faculty of Family Planning (DFFP)",,₹ 400,Aastha Hospital,Mumbai,"Infertility Treatment, Infertility, FertilityNext ",11:00 AM,01:00 PM,Mumbai
278,Dr. Tejaswi Kamble,Gynaecologist,15,"MS - Obstetrics and Gynaecology, MBBS",,,,,,01:00 PM,05:00 PM,Mumbai
279,Dr. Archana Rajesh Patil,Gynaecologist,30,"MBBS, MD - Obstetrics & Gynaecology",₹ 600,₹ 500,New Manak Healthcare Hospital,Nerul West,,,,Mumbai
280,Dr. Pooja Sharma Dimri,Gynaecologist,25,"Minimal invasive surgery in gynaecology, MD - Obstetrtics & Gynaecology, DNB, MBBS",₹ 700,₹ 300,Siddhi Polyclinic (on call),Mumbai,"Ovarian Cysts, Pregnancy, Irregular PeriodsNext ",05:00 PM,07:00 PM,Mumbai
281,Dr. Shabnam Singh,Gynaecologist,21,"MBBS, M.S. Obstetrics & Gynecology",,₹ 300,Dr Shabnam Singh,Mumbai,,04:00 PM,08:00 PM,Mumbai
282,Dr. Nanda Kumar,Gynaecologist,20,"MBBS, DGO",,₹ 500,Dr.Nanda Kumar Clinic,Chembur East,"No Periods, Irregular Periods, Polycystic Ovary SyndromeNext ",05:30 PM,09:00 PM,Mumbai
283,Dr. Komal Chavan,Gynaecologist,7,"FICOG, Diploma in IVF and Reproductive  Medicine, Diploma in IVF and Reproductive  Medicin...read more",,₹ 500,CHAVAN MATERNITY NURSING HOME,Andheri West,PregnancyNext ,04:00 PM,09:00 PM,Mumbai
284,Dr. Sangeeta Raodeo,Gynaecologist,18,"DGO, FCPS - Mid. & Gynae",,₹ 350,Fortis Hospital,Mulund West,,01:00 PM,03:00 PM,Mumbai
285,Dr. Swati Chitnis,Gynaecologist,13,"MS - Obstetrics and Gynaecology, MBBS, DNB (Obstetrics and Gynecology), Fellowship in Lapa...read more",,₹ 800,Dr. Swati Chitnis,Santacruz West,,10:00 AM,12:00 PM,Mumbai
286,Dr. Shubhada Sanjiv Khandeparkar,Gynaecologist,46,"MBBS, MD - Obstetrics & Gynaecology, FICS, FICOG",,₹ 350,Dr. Khandeparkar's  Infertility and IVF Centre,Mumbai,,06:30 PM,08:00 PM,Mumbai
287,Dr. Prof. & Hod Ganesh Shinde,Gynaecologist,42,"MD - Obstetrtics & Gynaecology, MBBS",₹ 800,₹ 300,Shinde Medicare Hospital Pvt Ltd (On Call),Andheri West,"Sex Education, No Periods, Pregnancy QueryNext ",10:00 AM,05:00 PM,Mumbai
288,Dr. Puja Dewan,Gynaecologist,27,"DNB, (MRCOG) Royal College of Obstetricians and Gynaecologists, DGO, MBBS",,,,,,10:00 AM,05:00 PM,Mumbai
289,Dr. Archana Prabhu,Gynaecologist,30,"MBBS, DGO,  MD - Obstetrics & Gynaecology",,,,,"No Periods, Painful Periods, PregnancyNext ",07:30 PM,09:00 PM,Mumbai
290,Dr. Riddhi Doshi,Gynaecologist,13,"MBBS, DNB (Obstetrics and Gynecology), Fellowship in Assisted Reproduction, Fellowship in ...read more",,₹ 500,M M Medical Centre & Diagnostics (Bavishi Fertility Clinic),Borivali West,,10:00 AM,01:00 PM,Mumbai
291,Dr. Archana Prabhu,Gynaecologist,30,"MBBS, DGO,  MD - Obstetrics & Gynaecology",,,,,"No Periods, Painful Periods, PregnancyNext ",07:30 PM,09:00 PM,Mumbai
292,Dr. Kaushal Samir Kadam,Gynaecologist,25,"MD - Obstetrtics & Gynaecology, DGO",,,,,"Trying to Conceive, No Periods, FertilityNext ",09:00 AM,07:00 PM,Mumbai
293,Dr. Jyotsna Patel,Gynaecologist,30,"MD - Obstetrics & Gynaecology, MBBS",,,,,"No Periods, Trying to Conceive, PregnancyNext ",01:00 PM,02:00 PM,Mumbai
294,Dr. Ankesh Sahetya,Gynaecologist,17,"MBBS, DNB - Obstetrics & Gynecology, DGO, MNAMS - Obstetrics & Gynaecology",,₹ 250,Pushpaa Hospital,Andheri West,,06:00 PM,08:00 PM,Mumbai
295,Dr. Saloni Suchak,Gynaecologist,19,"MS - Obstetrics and Gynaecology , MBBS",,,,,Hormonal ImbalanceNext ,09:30 AM,12:30 PM,Mumbai
296,Dr. Parag Patil,Gynaecologist,33,"MD - Obstetrtics & Gynaecology, MBBS",₹ 500,,SHUBHAMKAR HOSPITAL,Navi Mumbai,"Infertility, Infertility Treatment, FertilityNext ",10:00 AM,07:00 PM,Mumbai
297,Dr. Nishita,Gynaecologist,16,"DNB (Obstetrics and Gynecology), MBBS",,₹ 500,A Remedy Ssquare,Colaba,"Pregnancy, Trying to Conceive, Irregular PeriodsNext ",12:30 PM,02:00 PM,Mumbai
298,Dr. Aneesh Sabnis,Gynaecologist,33,"M.D. Gyn. & Obstetrics, MBBS, Diploma in Advanced Gynaec Laparoscopic Surgery, D.N.B., F.C...read more",,₹ 400,Sneh Nursing Home,Mumbai,InfertilityNext ,07:00 PM,09:00 PM,Mumbai
299,Dr. Meera Agarwal,Gynaecologist,52,MD,,,,,,10:00 AM,02:30 PM,Mumbai
300,Dr. Yogesh,Homeopathy,,,₹ 200,,Sweet Pills Homeopathy Clinics,Kandivali West,,05:00 PM,09:00 PM,Mumbai
301,Dr. Nirali Parekh,Homeopathy,9,"BHMS, PGDEMS, Diploma in Naturopathy & Yogic Science (DNYS)",₹ 750,,₹ 1,500 onlineGujarati Seva Mandal,,09:00 AM,01:00 PM,Mumbai
302,Dr. Jitendra Vala,Homeopathy,18,"Diploma in Diet and Nutrition, BHMS",₹ 900,₹ 900,Dr Jitendras Clinic,Kandivali East,Weight Management,09:30 AM,02:00 PM,Mumbai
303,Dr. Gopinath Menon,Homeopathy,33,BHMS,,₹ 500,Homeo Works Clinic,Andheri East,"Typhoid, Stomach Pain, Digestive DisordersNext ",11:00 AM,02:00 PM,Mumbai
304,Dr. Jagat Shah,Homeopathy,17,"MD - Homeopathy, Masters Degree of Homoeopathy",₹ 800,,₹ 1,200 onlineTotal Health Care,"Sex Education, Weight Loss, Small Penis Size",10:00 AM,01:00 PM,Mumbai
305,Dr. Professor Bhavesh Acharya,Homeopathy,33,"MD, BHMS",,₹ 350,Global Homoeopathy & Esthetiques Clinic,Andheri East,"Stomach Pain, Joint Dislocation Treatment, Increase heightNext ",11:00 AM,02:00 PM,Mumbai
306,Dr. Shilpa Pandey,Homeopathy,15,MD - Homeopathy,₹ 800,₹ 500,Homoeo Healing Centre,Mankhurd,"Wrinkles, Weight Loss, Pimples TreatmentNext ",06:00 PM,08:30 PM,Mumbai
307,Dr. Pallavi Mehta,Homeopathy,13,"PG Hom, London, BHMS",₹ 400,₹ 300,Neelam Nagar Medical Centre,Mulund East,"Mole Removal, Wart RemovalNext ",12:00 PM,02:00 PM,Mumbai
308,Dr. Heena Quraishi,Homeopathy,25,"MD - Alternative Therapies, BHMS",₹ 550,₹ 400,Crresshhha Polyclinic,Andheri East,"Increase height, Difficulty Sleeping, Stomach PainNext ",02:00 PM,08:00 PM,Mumbai
309,Dr. H. Prathamesh,Homeopathy,,,₹ 250,₹ 300,Shree Clinic & Homeopathic Consulting Centre,Kalyan,"Small Penis Size, Dandruff, Hair FallNext ",09:00 AM,09:00 PM,Mumbai
310,Dr. Ritu Singh,Homeopathy,21,BHMS,₹ 750,₹ 300,Dr. Singh's Advanced Homeopathic Clinic (On Call),Mumbai,"Female Hair Loss, Heel Pain, SugarNext ",10:00 AM,10:00 PM,Mumbai
311,Dr. Amit Vora,Homeopathy,20,"BHMS, PG Hom London, M.D Homoeopathy",,₹ 300,Dr Amit Vora Homeopathic clinic,Mumbai,"Diabetes, Back Pain, AcidityNext ",10:00 AM,02:00 PM,Mumbai
312,Dr. Pravin Jain,Homeopathy,18,MD - Homeopathy,,₹ 300,HomoeoCARE,Dadar East,,11:00 AM,08:00 PM,Mumbai
313,Dr. Sangita Daithankar,Homeopathy,27,"Diploma in Diet and Nutrition, PG HOM (London), CCH, CGO, BHMS",₹ 600,₹ 300,Dr Sangita Daithankar's Clinic,Worli,"Body Weakness, Irregular Periods, Sex EducationNext ",10:00 AM,12:00 PM,Mumbai
314,Dr. Nikita Suresh Kothari,Homeopathy,17,"BHMS, C.G.O., PG Diploma in I.A.C.H",₹ 700,₹ 350,Hardik Homeopathy Clinic,Malad West,"Hair Treatment, PRP Hair Transplant TreatmentNext ",06:00 PM,09:00 PM,Mumbai
315,Dr. Suruchi Bapat,Homeopathy,17,"BHMS, MD - Homeopathy, Post Graduation Diploma In Psychological Counselling, Certificate C...read more",₹ 500,₹ 300,Homoeopathy Helps Heals,Borivali West,"Stomach Pain, Weight Loss, Body WeaknessNext ",07:00 PM,10:00 PM,Mumbai
316,Dr. Roopesh Singh,Homeopathy,24,"DHMS (Diploma in Homeopathic Medicine and Surgery), BHMS",₹ 500,₹ 300,Dr. Singh's Advanced Homeopathic Clinic,Mira Road,"Black Spots on Skin, Sugar, Female Hair LossNext ",11:00 AM,03:00 PM,Mumbai
317,Dr. Shivchand Yadav,Homeopathy,13,"CCH, CGO, CVD, BHMS",₹ 150,₹ 100,Sai Balaji Clinic,Kurla,,06:00 PM,11:00 PM,Mumbai
318,Dr. Rajiv   P. Bhanej,Homeopathy,23,"MD - Homeopathy, BHMS",₹ 500,₹ 300,Shree Laxmi Homoeopathic Clinic,Malad West,,09:00 AM,02:00 PM,Mumbai
319,Dr. Prabha Acharya,Homeopathy,34,"PGDM In Cosmetology, Trichology & Weight Managmen, MD, BHMS",,₹ 350,Global Homoeopathy & Esthetiques Clinic,Andheri East,"Back Pain, Irregular Periods, Stomach PainNext ",12:00 PM,02:00 PM,Mumbai
320,Dr. Ruchita Shah,Homeopathy,13,"BHMS, PG Diploma In Clinical Cosmetology",,₹ 350,Dr. Ruchita Shah's Clinic,Grant Road,,10:30 AM,05:30 PM,Mumbai
321,Dr. Josy Joy A,Homeopathy,26,BHMS,₹ 200,₹ 200,,,"Skin Care, Hair RestorationNext ",10:45 AM,07:30 PM,Mumbai
322,Dr. Mangesh J. Jadhav,Homeopathy,26,"DHMS, MD - Homeopathy",,₹ 350,Shree Siddhi Vinayak The Possibility Clinic,Mulund East,,07:30 AM,10:00 PM,Mumbai
323,Dr. Aditi Gangrade,Homeopathy,14,"PG Hom (Lon), BHMS, M.Sc - Applied Psychology",₹ 600,₹ 200,,,,12:00 PM,04:00 PM,Mumbai
324,Dr. Seema Poddar,Homeopathy,35,BHMS,₹ 800,₹ 300,Dr. Seema Poddar Homeopathy Doctor  (Asha Polyclinic),Matunga West,,05:00 PM,07:00 PM,Mumbai
325,Homoeocare Clinics,Homeopathy,,,,₹ 300,,,,10:00 AM,08:00 PM,Mumbai
326,Dr. Santosh Joshi,Homeopathy,24,BHMS,,₹ 200,Happy livin Clinic,Mulund,,04:00 PM,08:00 PM,Mumbai
327,Dr. Yatri H. Thacker,Homeopathy,23,"Certification in Child Birth Educator, PG(Diploma) - Psychology and Counselling, BHMS",,₹ 500,Homeopathic Healing Centre,Wadala West,"Stomach Pain, Buttock Pain, DepressionNext ",10:00 AM,01:00 PM,Mumbai
328,Life Force Homeopathy,Homeopathy,39,BHMS,,₹ 500,Life Force Homeopathy - Chembur,Chembur,,09:00 AM,08:00 PM,Mumbai
329,Dr. Sourabh R Welling,Homeopathy,19,MD - Homeopathy,₹ 500,₹ 250,Welling Homeopathy Clinics - Andheri East,Andheri East,,12:00 PM,09:00 PM,Mumbai
330,Dr. Kukreja A(kalani),Homeopathy,,,₹ 500,₹ 500,Kent Homeopathy Clinic,Powai,,11:00 AM,01:30 PM,Mumbai
331,Dr. Deepika Patel,Homeopathy,11,"BHMS, MD - Homeopathy",₹ 700,₹ 350,The Bombay Polyclinic,Fort,,10:30 AM,05:00 PM,Mumbai
332,Dr. Fatema Ebrahim,Homeopathy,11,BHMS,₹ 500,,₹ 1,000 onlineDr Fatema Ebrahim OPD,"Sex Education, Sexual Dysfunction, Thyroid DisordersNext ",10:00 AM,12:00 PM,Mumbai
333,Dr. D.V. Adhye,Homeopathy,41,BHMS,,₹ 400,Dr.Adhye Homeopathy Clinic,Chembur,,06:00 PM,09:00 PM,Mumbai
334,Dr. Nikhil R Chheda,Homeopathy,6,BHMS,,₹ 100,Get Well Soon,Sewri,,05:00 PM,05:30 PM,Mumbai
335,Dr. Kruti Bhuskute,Homeopathy,22,"BHMS, MD - Homeopathy",,,,,"Hair Loss, Skin Care, SugarNext ",07:00 PM,09:00 PM,Mumbai
336,Dr. Kinjal Kanani Shah,Homeopathy,13,"MD, BHMS",₹ 500,₹ 200,Devasya polyclinic,Kandivali West,,06:30 PM,08:30 PM,Mumbai
337,Dr. Neha Khodke,Homeopathy,14,"Doctor of Homeopathic Medicine (M.D.), Bachelor of Homeopathic Medicine & Surgery (BHMS), ...read more",,₹ 200,Eka Wellness Homoeopathy & Nutrition,Goregaon West,,05:00 PM,08:00 PM,Mumbai
338,Dr. Kamlesh Mehta,Homeopathy,44,"MD - Homeopathy, L.C.E.H.",,,,,,10:30 AM,01:00 PM,Mumbai
339,Dr. Ashwini Pawar,Homeopathy,16,"MD - Homeopathy, BHMS",₹ 300,₹ 300,,,,09:00 AM,09:00 PM,Mumbai
340,Dr. Vidyasagar Umalkar,Homeopathy,41,DHMS,,₹ 300,Chaitanya Homoeo Heartcare Clinic & Research,Dadar,"Prevention of Blockage Post Angioplasty Stent Surgery, Slimming, Painful PeriodsNext ",12:00 PM,02:30 PM,Mumbai
341,Batra'S Healthcare,Homeopathy,10,"India, Dubai, London",₹ 200,₹ 200,Dr Batra's Healthcare - Chowpatty,Chowpatty,"Acne Treatment, Hair Treatment, BaldnessNext ",10:00 AM,10:00 AM,Mumbai
342,Dr. Kanan Khatau Chikhal,Homeopathy,27,BHMS,,₹ 400,Life Cures Wellness Clinic,Lokhandwala,"Stomach Pain, Weight Loss, Knee PainNext ",11:00 AM,08:00 PM,Mumbai
343,Dr. Sneha,Homeopathy,13,BHMS,₹ 500,₹ 200,Agarwal Children Hospital,Bandra East,"Erection Problems, Cancer, Breast CancerNext ",11:00 AM,01:00 PM,Mumbai
344,Dr. Devendra Singh,Homeopathy,51,BHMS,₹ 500,,,,"Neck Pain, Diabetes, Diabetes ManagementNext ",12:00 PM,05:30 PM,Mumbai
345,Dr. Arvind Yadav,Homeopathy,14,"C.C.A.H, BHMS",₹ 500,,,,,09:00 AM,02:00 PM,Mumbai
346,Dr. Ishan Thakkar,Homeopathy,13,BHMS,₹ 500,₹ 500,Harmony Health,Borivali West,,05:30 PM,09:30 PM,Mumbai
347,Dr. Medha Durge,Homeopathy,35,"MD Homeopathy, BHMS",₹ 300,₹ 300,Homeopathy4All - Homeopathic Clinic,Mumbai,,10:00 AM,09:00 PM,Mumbai
348,Dr. Surbhi Jhunjhunwala,Homeopathy,18,BHMS,,₹ 350,KASTURBA HEALTH SOCIETY MEDICAL RESEARCH CENTER,Vile Parle,,04:00 PM,06:00 PM,Mumbai
349,Dr. Sudhiir L. Gesota,Homeopathy,45,"Pg Diploma in sports and Nutritions, CCH, A.R.S.H., DHMS (Diploma in Homeopathic Medicine ...read more",₹ 500,₹ 300,Life Solutions Now 24x7,Mulund West,,07:00 AM,12:00 PM,Mumbai
350,Mrs. Chhaya Jain,Psychologist,14,"M.Sc - Applied Psychology, Advanced Diploma In Counselling Psychology",,₹ 500,Kasturmahal Poly Clinic,Sion,"Psychotherapy, Anxiety Attacks, AnxietyNext ",11:00 AM,04:00 PM,Mumbai
351,Ms. Dipal Mehta,Psychologist,23,"MA - Clinical Psychology, P.G. Diploma in Guidance and Counseling, BA In Psychology",,,,,"Depression, Anxiety, Stress TreatmentNext ",11:00 AM,06:00 PM,Mumbai
352,Dr. Keerti Sachdeva,Psychologist,41,"Ph.D - Social Psychology -, M.Phil. Educational Psychology, MSc. Child Psychology , B.Sc",,,,,"Depression, Mood Disorder Treatment, Anxiety",11:00 AM,03:00 PM,Mumbai
353,Mrs. Simoni Shah,Psychologist,8,"M A Clinical Psychology, Pg diploma in counselling",,,,,,12:00 PM,10:00 PM,Mumbai
354,Dr. Bhairavi Thakkar,Psychologist,19,"Master of Arts in Counseling Psychology, BA(Hons.) Applied Psychology, Dip.Counseling Psyc...read more",,,,,"Counselling and Stress Management, Adult CounsellingNext ",09:00 AM,06:00 PM,Mumbai
355,Ms. Rashi Anand Laskari,Psychologist,15,"B.A., MA - Counselling Psychology",,,,,,09:00 AM,11:00 AM,Mumbai
356,Dr. Aman Bhonsle,Psychologist,6,"PhD - Psychotherapy, PGDTA - Transactional Analysis, BMM, MBA- Communication Management",,,,,,10:00 AM,09:00 PM,Mumbai
357,Ms. Richika Gupta,Psychologist,5,"Masters in Counselling Psychology, Masters in Counselling Psychology",,,,,,02:00 PM,07:00 PM,Mumbai
358,Ms. Sheetal Bidkar,Psychologist,15,International Certified Addiction Professional,,,,,Premature EjaculationNext ,09:30 AM,05:00 PM,Mumbai
359,Dr. Jaini Savla,Psychologist,12,"BA Psychology & Sociology, MS - Psychology",,,,,,10:00 AM,08:00 PM,Mumbai
360,Ithrive Counselling Centre,Psychologist,,,,,,,,11:30 AM,07:00 PM,Mumbai
361,Mindsight Clinic,Psychologist,,,,₹ 300,Mind Sight Clinic,Malad West,,09:00 AM,06:00 PM,Mumbai
362,Ms. Saachi Arora,Psychologist,4,MPhil in Clinical Psychology,,,,,,09:00 AM,08:00 PM,Mumbai
363,Dr. Merul Gandhi,Psychologist,8,MA - Psychology,,,,,,02:00 PM,05:00 PM,Mumbai
364,Ms. Fakhera Merchant,Psychologist,16,"Advance Course in Neuro linguistic Programming, Diploma In Dyslexic Studies, Masters In Ps...read more",,,,,,11:00 AM,01:00 PM,Mumbai
365,Dr. Sheba Singh,Psychologist,32,"PhD - Psychology, Masters in Psychology, BA - Psychology, Post Graduate Diploma in Rehabil...read more",,,,,,05:00 PM,08:00 PM,Mumbai
366,Ms. Siddhi Maru,Psychologist,2,MS Psychology,₹ 800,₹ 250,Dr. Mandot's Polyclinic,Mulund West,,04:00 PM,06:00 PM,Mumbai
367,Dr. Priti Khatu,Psychologist,22,"MSc in Applied Psychology, MSc Health Psychology, PGCTC, PGC (Family Therapy)",,₹ 350,Vivanta Hospital-  Malad (on call),Malad West,,02:00 PM,04:00 PM,Mumbai
368,Ms. Rachna Kothari,Psychologist,21,MA - Psychology,,,,,"Depression, Smoking, Anxiety and Depression",09:00 AM,07:30 PM,Mumbai
369,Dr. Khushboo Jain,Psychologist,11,"B.A. Psychology, M.A Psychology",,₹ 300,Ageless Medica Health Management,Powai,,03:00 PM,06:00 PM,Mumbai
370,Ms. Taral Parekh,Psychologist,15,"CE in Cognitive Behavior Therapy, Masters of Counselling Psychology, Post Graduate Diploma...read more",,,,,Stress Treatment,08:00 AM,10:00 PM,Mumbai
371,Mr. Shreemant Yadav,Psychologist,11,"Masters in counseling psychology, Counseling psychologist, Rational Emotive Behavioral The...read more",,,,,"Behaviour and Thought Problems, Stress TreatmentNext ",08:00 AM,04:00 PM,Mumbai
372,Dr. Neerja Thergaonkar,Psychologist,26,"PhD - Psychology, MA - Psychology, Arts Based Therapist",,,,,,10:00 AM,01:00 PM,Mumbai
373,Dr. Rahul Dutta,Psychologist,23,"MBBS, Diploma in Traditional Chinese Medicine (DTCM), Diploma of Clinical Hypnotherapy",,,,,"Psychotherapy, Marriage CounsellingNext ",10:00 AM,12:00 PM,Mumbai
374,Dr. Pooja Anand,Psychologist,2,MA - Psychology,,,,,,08:30 AM,11:30 AM,Mumbai
375,Ms. Vijal Sejpal,Psychologist,15,"Post Graduate Diploma In School Counselling (PGDSC), Certificate In Guidance & Counselling (CGC)",,₹ 300,i Thrive Counselling & Holistic Development Centre,Andheri West,,11:00 AM,07:00 PM,Mumbai
376,Ms. Psychological Counselor Pushpa Sinha,Psychologist,24,"POST GRADUATE DIPLOMA IN CLINICAL PSYCHOLOGY, Masters in clinical psychology",,₹ 900,Online,Oshiwara,Abnormal Behavior,,,Mumbai
377,Ms. Ruhi Vakil,Psychologist,8,"MA - Psychology, BA in Clinical Psychology, Advanced diploma in counselling psychology",,,,,,10:30 AM,05:30 PM,Mumbai
378,Dr. Firdos Qureshi,Psychologist,15,"Master in clinical psychology, B.A. Psychology",,₹ 800,SEABIRD MEDICARE,Andheri East,,01:00 PM,03:00 PM,Mumbai
379,Ms. Prachi Tripathi,Psychologist,12,,,,,,,12:00 PM,08:30 PM,Mumbai
380,Ms. Prachi Tripathi,Psychologist,12,,,,,,,12:00 PM,08:30 PM,Mumbai
381,Mr. Guruprasad Shivakamat,Psychologist,20,"Masters In Psychology , CBT - Cognitive Behavioral Therapy , REBT Rational Emotive Behavio...read more",,,,,Stress Treatment,,,Mumbai
382,Ms. Priti Thakkar,Psychologist,,,,,,,,11:00 AM,06:30 PM,Mumbai
383,Ms. Jenita Nandu,Psychologist,5,MA Clinical Psychology,,,,,,02:00 PM,10:30 PM,Mumbai
384,Dr. Brenda Fernandes,Psychologist,42,PhD - Psychology,,,,,,09:00 AM,11:00 PM,Mumbai
385,Dr. Aanchal Narang,Psychologist,12,,,₹ 800,Another Light Counselling,Andheri West,,07:00 AM,10:00 PM,Mumbai
386,Ms. Bhakti Joshi,Psychologist,12,,,,,,,10:00 AM,07:00 PM,Mumbai
387,Ms. Shraddha  Singh,Psychologist,4,MA Applied Psychology (clinical psychology),,₹ 300,Seabird Medicare,Andheri East,,09:00 AM,05:00 PM,Mumbai
388,Dr. Iti Shukla,Psychologist,9,MA clinical psychology,₹ 500,₹ 500,Mind-space,Goregaon West,,12:00 PM,03:00 PM,Mumbai
389,Ms. Vidisha Gadre,Psychologist,7,M.A.,₹ 800,₹ 300,Healing & Feeling,Mulund,,08:00 AM,11:00 PM,Mumbai
390,Ms. Urveez Kakalia,Psychologist,7,"MA Counselling Psychology, BA (Psychology)",₹ 800,,₹ 1,000 onlineImPerfect,,,,Mumbai
391,Ms. Vidisha Gadre,Psychologist,7,M.A.,₹ 800,₹ 300,Healing & Feeling,Mulund,,08:00 AM,11:00 PM,Mumbai
392,Dr. Iti Shukla,Psychologist,9,MA clinical psychology,₹ 500,₹ 500,Mind-space,Goregaon West,,12:00 PM,03:00 PM,Mumbai
393,Mr. Anshul Khosla,Psychologist,4,"M.Phil - Psychology, M.Sc -  Clinical Psychology",,,,,,02:00 PM,05:00 PM,Mumbai
394,Dr. Harsh Pandya,Psychologist,,,₹ 800,,Mentoring Minds,Malad West,,08:00 AM,11:00 PM,Mumbai
395,Mrs. Anu  Kulkarni,Psychologist,22,"Hypnotherapist, Reconnective Healing Practioner",₹ 1,,₹ 4,000 onlineakatalyst,,11:00 AM,07:00 PM,Mumbai
396,Ms. Ishita Pateria,Psychologist,12,"MSc Counselling Psychology, MSc Mental Health",,,,,,11:00 AM,08:00 PM,Mumbai
397,Ms. Anushree Lokhande,Psychologist,10,Masters in Counselling Psychology,,,,,,11:00 AM,08:00 PM,Mumbai
398,Dr. Sjm Sjm,Psychologist,9,M.Sc - Psychology,,,,,,10:30 AM,06:30 PM,Mumbai
399,Ms. Nitu Rai,Psychologist,13,Clinical Psychologist,,,,,,11:00 AM,05:00 PM,Mumbai
400,Dr. Sanjay Erande,Ayurveda,20,"Fellowship In Sexology, M-CSEPI, M.Ayu.D, Dipl.EMS, BAMS, Fellowship In Sexology",,,,,"Male Sexual Problems, Erectile Dysfunction, Small Penis Size",11:00 AM,05:00 PM,Mumbai
401,Dr. Nitin Kochar,Ayurveda,34,"BAMS, MD - Ayurveda, Diploma In Yoga",₹ 800,,₹ 3,000 onlineGurukrupa Ayurvedic Clinic,,05:30 PM,09:00 PM,Mumbai
402,Dr. Jiva Ayurveda,Ayurveda,26,BAMS,₹ 299,,,,"Acne Treatment, Hair Loss, Flu",11:00 AM,08:00 PM,Mumbai
403,Dr. Shekhar Benade,Ayurveda,24,"BAMS, MD - Ayurveda Medicine, Master in Sexual Medicine, Proficiency in Psycosexual Medici...read more",₹ 500,₹ 700,,,"Premature Ejaculation, Sugar, Small Penis Size",,,Mumbai
404,Dr. Sudhir Bhujbale.,Ayurveda,24,"MD - Ayurveda, Bachelor of Ayurveda, Medicine and Surgery (BAMS)",₹ 500,₹ 100,,,,10:00 AM,07:00 PM,Mumbai
405,Dr. Jaina Vishal Patwa,Ayurveda,15,"Bachelor of Ayurveda, Medicine and Surgery (BAMS)",,,,,PanchakarmaNext ,10:00 AM,08:00 PM,Mumbai
406,Dr. Surjeet Kaur Bava,Ayurveda,26,"MD - Ayurveda, Diploma In Trichology, Skin Aesthetics and  Cosmetology, Diploma In skin ae...read more",,₹ 350,Ultra Slim Laser Clinic,Sion,"Hair Health, Hair Growth, Weight LossNext ",11:00 AM,02:00 PM,Mumbai
407,Dr. Omkar Shahapurkar,Ayurveda,21,"BAMS, MD",₹ 300,,,,"Sex Education, Acidity, Acne/Pimples",12:00 PM,05:00 PM,Mumbai
408,Dr. Pratik Bhoite,Ayurveda,14,"MD, Bachelor of Ayurveda, Medicine and Surgery (BAMS), PGDEMS, DNHE, DYA",₹ 450,₹ 300,Tulasbharati Ayurveda Clinic & Panchakarma Centre,Virar West,"Panchakarma, Male Sexual Problems Treatment, Male Sexual Problems",09:00 PM,11:00 PM,Mumbai
409,Dr. Darshan Desai,Ayurveda,18,"MD - Ayurveda, Diploma in Aesthetic Medicine, Diploma in Trichology - Cosmetology, Diploma...read more",₹ 300,,₹ 1,600 onlineDr.Darshan Desai,Laser Hair Removal,08:00 AM,11:00 AM,Mumbai
410,Dr. Priyanka Roy Deb,Ayurveda,7,"Bachelor of Ayurveda, Medicine and Surgery (BAMS)",₹ 300,₹ 200,Birla Ayurveda wellness and Treatment Centre,Mumbai,,10:00 AM,07:00 PM,Mumbai
411,Mr. Santosh Pandey,Ayurveda,25,"Bachelor in TCM, Diploma in Acupuncture, Diploma in Naturopathy & Yogic Science (DNYS)",,₹ 300,REJUA ENERGY CENTER LLP,Mumbai,,08:00 AM,07:00 PM,Mumbai
412,Dr. Saumyaranjan Pandey,Ayurveda,12,"Bachelor of Ayurveda, Medicine and Surgery (BAMS), Certificate in Child Health, Certificat...read more",,₹ 300,Natura Hills Ayurveda Detox Centre,Santacruz East,,10:00 AM,02:30 PM,Mumbai
413,Dr. Laxman G Jonwal Md Mum,Ayurveda,36,"MD - Medicine, Bachelor of Ayurveda, Medicine and Surgery (BAMS), Post Graduate Certficate...read more",₹ 800,,Niramay Ayush Panchkarm,Link Road,"High Blood Pressure, Diabetes, Sex Education",09:00 AM,01:00 PM,Mumbai
414,Dr. Praveen Dube,Ayurveda,26,BAMS,₹ 200,₹ 50,DR. PRAVEEN D. DUBE,Santacruz East,,10:00 AM,01:30 PM,Mumbai
415,Dr. Rajshree G Chavan,Ayurveda,15,"BAMS, MD Ayurveda, PGDDN- Dietetics & Nutrition",₹ 500,₹ 500,Sahastram Ayurveda Panchkarma Center,Dadar East,,02:00 PM,04:00 PM,Mumbai
416,Dr. Shaikh I A.,Ayurveda,13,"MD - Integrative Medicine, MBA (Healthcare)",,₹ 500,Natural 3D Health Clinic,Santacruz West,,10:00 AM,08:00 PM,Mumbai
417,Dr. (Vaidya) V.R. Shastri,Ayurveda,46,"Vaidhya Visarad, Ayurved Ratna",₹ 200,₹ 300,Shakuntala Ayurvedic,Borivali West,,06:30 PM,08:30 PM,Mumbai
418,Dr. Srushti Bhujbale.,Ayurveda,19,"Bachelor of Ayurveda, Medicine and Surgery (BAMS), Certificate Course In Ksharasutra Therapy",,₹ 100,Dr.Srushti Piles Clinic,Mumbai,,04:00 PM,06:00 PM,Mumbai
419,Dr. M S Patil,Ayurveda,19,BAMS,₹ 200,₹ 300,,,,06:00 PM,08:00 PM,Mumbai
420,Dr. Praveen Dube,Ayurveda,26,BAMS,₹ 200,₹ 50,DR. PRAVEEN D. DUBE,Santacruz East,,10:00 AM,01:30 PM,Mumbai
421,Dr. Amit Aroskar,Ayurveda,25,"Bachelor of Ayurveda, Medicine and Surgery (BAMS), MD - Ayurveda",₹ 500,,Aamod Ayurvedic Wellness Clinic & Panchakarma Center,Borivali West,"Blood in Stools, Acne/Pimples, Kidney StonesNext ",10:00 AM,09:30 PM,Mumbai
422,Dt. Soumya Peeru,Ayurveda,9,,,₹ 300,Samhita,Tilak Nagar,Weight ManagementNext ,04:00 PM,06:00 PM,Mumbai
423,Dr. Jabeen. Dhansay,Ayurveda,32,"BAMS, Bachelor of Ayurveda, Medicine and Surgery (BAMS)",₹ 500,₹ 200,Dr.Jabeen. Dhansay,Ghatkopar,,06:00 PM,07:30 PM,Mumbai
424,Dr. Deepika Solge,Ayurveda,16,"Bachelor of Ayurveda, Medicine and Surgery (BAMS)",₹ 500,₹ 300,Nature villa,Mumbai,"Asthma, Pimples TreatmentNext ",10:00 AM,01:00 PM,Mumbai
425,Dr. Prof. Manish C. Dhuri,Ayurveda,27,"MS - Ayurveda, BAMS",₹ 800,₹ 200,All Cure Super Speciality Hospital,Jogeshwari East,,03:00 PM,05:00 PM,Mumbai
426,Dr. Vinod Pandey,Ayurveda,25,"BAMS , CCH , CGO",₹ 300,₹ 300,Dr Pandey Clinic,Gorai,"Chickenpox, Chickenpox Treatment  Next ",06:00 PM,10:30 PM,Mumbai
427,Dr. Surya Bhagwati,Ayurveda,36,"Diploma in Hospital Administration, Post Graduate Diploma in Healthcare Management (P.G.D....read more",₹ 400,,Dr. Vaidya's: New Age Ayurveda,Tardeo,,10:30 AM,07:30 PM,Mumbai
428,Dt. Seemaa J Poddar,Ayurveda,16,"Diploma in Clinical Nutrition, Sport Nutrition, Nutrition & diet Planning",,₹ 350,Ms. Seemaa j Poddar's Practice,Goregaon East,,02:00 PM,06:00 PM,Mumbai
429,Dr. Rani Suresh Thondikulam,Ayurveda,31,"BAMS, PGDCDM",₹ 500,₹ 300,Bodyveda Ayurvedic Wellness Centre,Andheri West,,12:00 PM,08:00 PM,Mumbai
430,Dr. Vicky Gupta,Ayurveda,9,MD - Ayurveda,₹ 500,₹ 350,Gurukrupa Ayurvedic Clinic & Panchakarma Center,Dahisar East,,11:00 AM,01:00 PM,Mumbai
431,Dr. Nikhil Pendse,Ayurveda,17,"BAMS, MD- Ayurved, Diploma in Vaidya Visharad",₹ 300,₹ 300,,,,11:00 AM,03:30 PM,Mumbai
432,Dr. Rani Suresh Thondikulam,Ayurveda,31,"BAMS, PGDCDM",₹ 500,₹ 300,Bodyveda Ayurvedic Wellness Centre,Andheri West,,12:00 PM,08:00 PM,Mumbai
433,Dt. Seemaa J Poddar,Ayurveda,16,"Diploma in Clinical Nutrition, Sport Nutrition, Nutrition & diet Planning",,₹ 350,Ms. Seemaa j Poddar's Practice,Goregaon East,,02:00 PM,06:00 PM,Mumbai
434,Dr. D.S.Nikam,Ayurveda,11,MD - Ayurveda,₹ 500,,,,Weight LossNext ,09:00 AM,05:00 PM,Mumbai
435,Dr. Swapnil Dharmadhikari,Ayurveda,15,"BAMS, MD - Ayurveda Medicine",₹ 500,,,,"Vitiligo, Hair Loss, Thyroid Disorders",10:00 AM,02:00 PM,Mumbai
436,Dr. Deepika Solge,Ayurveda,16,"Bachelor of Ayurveda, Medicine and Surgery (BAMS)",₹ 500,₹ 300,Nature villa,Mumbai,"Asthma, Pimples TreatmentNext ",10:00 AM,01:00 PM,Mumbai
437,Dr. Sahaj Shah,Ayurveda,8,MS - General Surgery,,₹ 50,DR. SHAHS AYURVEDA CLINIC,Mumbai,,09:00 AM,09:00 PM,Mumbai
438,Dr. Ashwin Sawant,Ayurveda,34,BAMS,₹ 200,₹ 300,Shashwat Ayurvedic Clinic,Mulund East,,10:30 AM,01:00 PM,Mumbai
439,Dr. Anay Davare,Ayurveda,13,MD - Ayurveda,₹ 300,₹ 400,Siddhant Ayurvedi & Panchkarma Clinic,Mumbai,,10:00 AM,01:00 PM,Mumbai
440,Dr. Arun Mishra,Ayurveda,12,"Bachelor of Ayurveda, Medicine and Surgery (BAMS)",,,,,,,,Mumbai
441,Ayush Arogyam Kerala Ayurveda Wellness Center,Ayurveda,37,"Bachelor of Ayurveda, Medicine and Surgery (BAMS)",₹ 0,,₹ 3,600 onlineAyush Arogyam - Kerala Ayurveda Wellness Center (Borivali),,10:00 AM,08:00 PM,Mumbai
442,Dr. Shreevani Pillamarapu,Ayurveda,8,"Bachelor of Ayurveda, Medicine and Surgery (BAMS), MD Ayurveda, Diploma in Naturopathy & Y...read more",₹ 500,₹ 250,AyuSphere Ayurveda and Panchakarma Clinic,Mumbai,,06:00 PM,09:00 PM,Mumbai
443,Dr. Madhav Nagorao Sontakke,Ayurveda,29,"Bachelor of Ayurveda, Medicine and Surgery (BAMS), Bachelor of Ayurveda, Medicine and Surg...read more",₹ 350,₹ 350,Gajanan clinic,Mumbai,,12:00 PM,02:30 PM,Mumbai
444,Ithrive Counselling Centre,Ayurveda,,,,,,,,11:30 AM,07:00 PM,Mumbai
445,Dr. Poonam Polshettiwar,Ayurveda,19,BAMS,₹ 250,₹ 200,Om Diagnostic Centre,Colaba,,11:00 AM,01:00 PM,Mumbai
446,Dr. Rubbina Shaikh,Ayurveda,26,"BAMS, PGD - Clinical Research",,₹ 500,Dr Rubbina Shaikh's Online Clinic,Mumbai,,11:00 AM,06:00 PM,Mumbai
447,Dr. D.S.Nikam,Ayurveda,11,MD - Ayurveda,₹ 500,,,,Weight LossNext ,09:00 AM,05:00 PM,Mumbai
448,Dr. Anay Davare,Ayurveda,13,MD - Ayurveda,₹ 300,₹ 400,Siddhant Ayurvedi & Panchkarma Clinic,Mumbai,,10:00 AM,01:00 PM,Mumbai
449,Dr. Reeta  Shah,Ayurveda,34,MD - General Medicine,₹ 900,₹ 250,Ayurveda & Panchkarma Centre,Mumbai,,09:00 AM,01:00 PM,Mumbai
